sku,type,title,description,base_color,design_file,delivery_file,ip_clearance,fulfillment_type,listed
RE-GD-1956-STUDEBAKER-HAWK,guide,1956 Studebaker Hawk Restoration Guide,1956 Studebaker Hawk Restoration Guide. PDF download delivered at checkout.,n/a,RE_1956-studebaker-hawk.pdf,/home/hatch/workspace/goals/paid-pdf-rewrite-queue-512-across-four-brands/files/re-wave/rebuilt/RE_1956-studebaker-hawk.pdf,n/a,digital,1
RE-GD-1957-STUDEBAKER-HAWK,guide,1957 Studebaker Hawk Restoration Guide,1957 Studebaker Hawk Restoration Guide. PDF download delivered at checkout.,n/a,RE_1957-studebaker-hawk.pdf,/home/hatch/workspace/goals/paid-pdf-rewrite-queue-512-across-four-brands/files/re-wave/rebuilt/RE_1957-studebaker-hawk.pdf,n/a,digital,1
RE-GD-1958-STUDEBAKER-HAWK,guide,1958 Studebaker Hawk Restoration Guide,1958 Studebaker Hawk Restoration Guide. PDF download delivered at checkout.,n/a,RE_1958-studebaker-hawk.pdf,/home/hatch/workspace/goals/paid-pdf-rewrite-queue-512-across-four-brands/files/re-wave/rebuilt/RE_1958-studebaker-hawk.pdf,n/a,digital,1
RE-GD-1960-DODGE-DART,guide,1960 Dodge Dart Restoration Guide,1960 Dodge Dart Restoration Guide. PDF download delivered at checkout.,n/a,RE_1960-dodge-dart.pdf,/home/hatch/workspace/goals/paid-pdf-rewrite-queue-512-across-four-brands/files/re-wave/rebuilt/RE_1960-dodge-dart.pdf,n/a,digital,1
RE-GD-1961-DODGE-DART,guide,1961 Dodge Dart Restoration Guide,1961 Dodge Dart Restoration Guide. PDF download delivered at checkout.,n/a,RE_1961-dodge-dart.pdf,/home/hatch/workspace/goals/paid-pdf-rewrite-queue-512-across-four-brands/files/re-wave/rebuilt/RE_1961-dodge-dart.pdf,n/a,digital,1
RE-GD-1962-DODGE-DART,guide,1962 Dodge Dart Restoration Guide,1962 Dodge Dart Restoration Guide. PDF download delivered at checkout.,n/a,RE_1962-dodge-dart.pdf,/home/hatch/workspace/goals/paid-pdf-rewrite-queue-512-across-four-brands/files/re-wave/rebuilt/RE_1962-dodge-dart.pdf,n/a,digital,1
RE-GD-1962-PONTIAC-GRAND-PRIX,guide,1962 Pontiac Grand Prix Restoration Guide,1962 Pontiac Grand Prix Restoration Guide. PDF download delivered at checkout.,n/a,RE_pontiac-grand-prix-1962.pdf,/home/hatch/workspace/goals/paid-pdf-rewrite-queue-512-across-four-brands/files/re-wave/rebuilt/RE_pontiac-grand-prix-1962.pdf,n/a,digital,1
RE-GD-1962-STUDEBAKER-HAWK,guide,1962 Studebaker Hawk Restoration Guide,1962 Studebaker Hawk Restoration Guide. PDF download delivered at checkout.,n/a,RE_1962-studebaker-hawk.pdf,/home/hatch/workspace/goals/paid-pdf-rewrite-queue-512-across-four-brands/files/re-wave/rebuilt/RE_1962-studebaker-hawk.pdf,n/a,digital,1
RE-GD-1963-BUICK-RIVIERA,guide,1963 Buick Riviera Restoration Guide,1963 Buick Riviera Restoration Guide. PDF download delivered at checkout.,n/a,RE_buick-riviera-1963.pdf,/home/hatch/workspace/goals/paid-pdf-rewrite-queue-512-across-four-brands/files/re-wave/rebuilt/RE_buick-riviera-1963.pdf,n/a,digital,1
RE-GD-1963-DODGE-DART,guide,1963 Dodge Dart Restoration Guide,1963 Dodge Dart Restoration Guide. PDF download delivered at checkout.,n/a,RE_1963-dodge-dart.pdf,/home/hatch/workspace/goals/paid-pdf-rewrite-queue-512-across-four-brands/files/re-wave/rebuilt/RE_1963-dodge-dart.pdf,n/a,digital,1
RE-GD-1963-PONTIAC-GRAND-PRIX,guide,1963 Pontiac Grand Prix Restoration Guide,1963 Pontiac Grand Prix Restoration Guide. PDF download delivered at checkout.,n/a,RE_pontiac-grand-prix-1963.pdf,/home/hatch/workspace/goals/paid-pdf-rewrite-queue-512-across-four-brands/files/re-wave/rebuilt/RE_pontiac-grand-prix-1963.pdf,n/a,digital,1
RE-GD-1963-STUDEBAKER-HAWK,guide,1963 Studebaker Hawk Restoration Guide,1963 Studebaker Hawk Restoration Guide. PDF download delivered at checkout.,n/a,RE_1963-studebaker-hawk.pdf,/home/hatch/workspace/goals/paid-pdf-rewrite-queue-512-across-four-brands/files/re-wave/rebuilt/RE_1963-studebaker-hawk.pdf,n/a,digital,1
RE-GD-1964-BUICK-RIVIERA,guide,1964 Buick Riviera Restoration Guide,1964 Buick Riviera Restoration Guide. PDF download delivered at checkout.,n/a,RE_buick-riviera-1964.pdf,/home/hatch/workspace/goals/paid-pdf-rewrite-queue-512-across-four-brands/files/re-wave/rebuilt/RE_buick-riviera-1964.pdf,n/a,digital,1
RE-GD-1964-DODGE-DART,guide,1964 Dodge Dart Restoration Guide,1964 Dodge Dart Restoration Guide. PDF download delivered at checkout.,n/a,RE_1964-dodge-dart.pdf,/home/hatch/workspace/goals/paid-pdf-rewrite-queue-512-across-four-brands/files/re-wave/rebuilt/RE_1964-dodge-dart.pdf,n/a,digital,1
RE-GD-1964-PONTIAC-GRAND-PRIX,guide,1964 Pontiac Grand Prix Restoration Guide,1964 Pontiac Grand Prix Restoration Guide. PDF download delivered at checkout.,n/a,RE_pontiac-grand-prix-1964.pdf,/home/hatch/workspace/goals/paid-pdf-rewrite-queue-512-across-four-brands/files/re-wave/rebuilt/RE_pontiac-grand-prix-1964.pdf,n/a,digital,1
RE-GD-1964-PONTIAC-GTO,guide,1964 Pontiac GTO Restoration Guide,1964 Pontiac GTO Restoration Guide. PDF download delivered at checkout.,n/a,RE_1964-pontiac-gto.pdf,/home/hatch/workspace/goals/paid-pdf-rewrite-queue-512-across-four-brands/files/re-wave/rebuilt/RE_1964-pontiac-gto.pdf,n/a,digital,1
RE-GD-1964-STUDEBAKER-HAWK,guide,1964 Studebaker Hawk Restoration Guide,1964 Studebaker Hawk Restoration Guide. PDF download delivered at checkout.,n/a,RE_1964-studebaker-hawk.pdf,/home/hatch/workspace/goals/paid-pdf-rewrite-queue-512-across-four-brands/files/re-wave/rebuilt/RE_1964-studebaker-hawk.pdf,n/a,digital,1
RE-GD-1965-BUICK-GRAN-SPORT-401-425,guide,1965 Buick Gran Sport 401 425,1965 Buick Gran Sport 401 425. PDF download delivered at checkout.,n/a,RE_1965-buick-gran-sport-401-425.pdf,/home/hatch/workspace/goals/paid-pdf-rewrite-queue-512-across-four-brands/files/re-wave/rebuilt/RE_1965-buick-gran-sport-401-425.pdf,n/a,digital,1
RE-GD-1965-BUICK-GS,guide,1965 Buick GS Restoration Guide,1965 Buick GS Restoration Guide. PDF download delivered at checkout.,n/a,RE_buick-gs-1965.pdf,/home/hatch/workspace/goals/paid-pdf-rewrite-queue-512-across-four-brands/files/re-wave/rebuilt/RE_buick-gs-1965.pdf,n/a,digital,1
RE-GD-1965-BUICK-RIVIERA,guide,1965 Buick Riviera Restoration Guide,1965 Buick Riviera Restoration Guide. PDF download delivered at checkout.,n/a,RE_buick-riviera-1965.pdf,/home/hatch/workspace/goals/paid-pdf-rewrite-queue-512-across-four-brands/files/re-wave/rebuilt/RE_buick-riviera-1965.pdf,n/a,digital,1
RE-GD-1965-BUICK-RIVIERA-GS-401,guide,1965 Buick Riviera Gran Sport 401 Restoration Guide,1965 Buick Riviera Gran Sport 401 Restoration Guide. PDF download delivered at checkout.,n/a,RE_1965-buick-riviera-gs-401.pdf,/home/hatch/workspace/goals/paid-pdf-rewrite-queue-512-across-four-brands/files/re-wave/rebuilt/RE_1965-buick-riviera-gs-401.pdf,n/a,digital,1
RE-GD-1965-BUICK-SKYLARK-GS,guide,1965 Buick Skylark GS Restoration Guide,1965 Buick Skylark GS Restoration Guide. PDF download delivered at checkout.,n/a,RE_buick-skylark-1965.pdf,/home/hatch/workspace/goals/paid-pdf-rewrite-queue-512-across-four-brands/files/re-wave/rebuilt/RE_buick-skylark-1965.pdf,n/a,digital,1
RE-GD-1965-DODGE-DART,guide,1965 Dodge Dart Restoration Guide,1965 Dodge Dart Restoration Guide. PDF download delivered at checkout.,n/a,RE_1965-dodge-dart.pdf,/home/hatch/workspace/goals/paid-pdf-rewrite-queue-512-across-four-brands/files/re-wave/rebuilt/RE_1965-dodge-dart.pdf,n/a,digital,1
RE-GD-1965-FORD-MUSTANG,guide,1965 Ford Mustang Restoration Guide,1965 Ford Mustang Restoration Guide. PDF download delivered at checkout.,n/a,RE_ford-mustang-1965.pdf,/home/hatch/workspace/goals/launch-my-five-brands-on-facebook/files/re-guide-rebuild/wave-1/RE_ford-mustang-1965.pdf,n/a,digital,1
RE-GD-1965-PONTIAC-GRAND-PRIX,guide,1965 Pontiac Grand Prix Restoration Guide,1965 Pontiac Grand Prix Restoration Guide. PDF download delivered at checkout.,n/a,RE_pontiac-grand-prix-1965.pdf,/home/hatch/workspace/goals/paid-pdf-rewrite-queue-512-across-four-brands/files/re-wave/rebuilt/RE_pontiac-grand-prix-1965.pdf,n/a,digital,1
RE-GD-1965-PONTIAC-GTO,guide,1965 Pontiac GTO Restoration Guide,1965 Pontiac GTO Restoration Guide. PDF download delivered at checkout.,n/a,RE_1965-pontiac-gto.pdf,/home/hatch/workspace/goals/paid-pdf-rewrite-queue-512-across-four-brands/files/re-wave/rebuilt/RE_1965-pontiac-gto.pdf,n/a,digital,1
RE-GD-1965-SHELBY-GT350,guide,1965 Shelby GT350 Restoration Guide,1965 Shelby GT350 Restoration Guide. PDF download delivered at checkout.,n/a,RE_1965-shelby-gt350.pdf,/home/hatch/workspace/goals/paid-pdf-rewrite-queue-512-across-four-brands/files/re-wave/rebuilt/RE_1965-shelby-gt350.pdf,n/a,digital,1
RE-GD-1966-BUICK-GRAN-SPORT-401-425,guide,1966 Buick Gran Sport 401 425,1966 Buick Gran Sport 401 425. PDF download delivered at checkout.,n/a,RE_1966-buick-gran-sport-401-425.pdf,/home/hatch/workspace/goals/paid-pdf-rewrite-queue-512-across-four-brands/files/re-wave/rebuilt/RE_1966-buick-gran-sport-401-425.pdf,n/a,digital,1
RE-GD-1966-BUICK-GS,guide,1966 Buick GS Restoration Guide,1966 Buick GS Restoration Guide. PDF download delivered at checkout.,n/a,RE_buick-gs-1966.pdf,/home/hatch/workspace/goals/paid-pdf-rewrite-queue-512-across-four-brands/files/re-wave/rebuilt/RE_buick-gs-1966.pdf,n/a,digital,1
RE-GD-1966-BUICK-RIVIERA,guide,1966 Buick Riviera Restoration Guide,1966 Buick Riviera Restoration Guide. PDF download delivered at checkout.,n/a,RE_buick-riviera-1966.pdf,/home/hatch/workspace/goals/paid-pdf-rewrite-queue-512-across-four-brands/files/re-wave/rebuilt/RE_buick-riviera-1966.pdf,n/a,digital,1
RE-GD-1966-BUICK-SKYLARK-GS,guide,1966 Buick Skylark GS Restoration Guide,1966 Buick Skylark GS Restoration Guide. PDF download delivered at checkout.,n/a,RE_buick-skylark-1966.pdf,/home/hatch/workspace/goals/paid-pdf-rewrite-queue-512-across-four-brands/files/re-wave/rebuilt/RE_buick-skylark-1966.pdf,n/a,digital,1
RE-GD-1966-DODGE-CHARGER,guide,1966 Dodge Charger Restoration Guide,1966 Dodge Charger Restoration Guide. PDF download delivered at checkout.,n/a,RE_1966-dodge-charger.pdf,/home/hatch/workspace/goals/paid-pdf-rewrite-queue-512-across-four-brands/files/re-wave/rebuilt/RE_1966-dodge-charger.pdf,n/a,digital,1
RE-GD-1966-FORD-SHELBY-GT350,guide,1966 Ford Shelby GT350 Restoration Guide,1966 Ford Shelby GT350 Restoration Guide. PDF download delivered at checkout.,n/a,RE_1966-ford-shelby-gt350.pdf,/home/hatch/workspace/goals/paid-pdf-rewrite-queue-512-across-four-brands/files/re-wave/rebuilt/RE_1966-ford-shelby-gt350.pdf,n/a,digital,1
RE-GD-1966-PONTIAC-GRAND-PRIX,guide,1966 Pontiac Grand Prix Restoration Guide,1966 Pontiac Grand Prix Restoration Guide. PDF download delivered at checkout.,n/a,RE_pontiac-grand-prix-1966.pdf,/home/hatch/workspace/goals/paid-pdf-rewrite-queue-512-across-four-brands/files/re-wave/rebuilt/RE_pontiac-grand-prix-1966.pdf,n/a,digital,1
RE-GD-1966-PONTIAC-GTO,guide,1966 Pontiac GTO Restoration Guide,1966 Pontiac GTO Restoration Guide. PDF download delivered at checkout.,n/a,RE_1966-pontiac-gto.pdf,/home/hatch/workspace/goals/paid-pdf-rewrite-queue-512-across-four-brands/files/re-wave/rebuilt/RE_1966-pontiac-gto.pdf,n/a,digital,1
RE-GD-1967-AMC-REBEL,guide,1967 AMC Rebel Restoration Guide,1967 AMC Rebel Restoration Guide. PDF download delivered at checkout.,n/a,RE_1967-amc-rebel.pdf,/home/hatch/workspace/goals/paid-pdf-rewrite-queue-512-across-four-brands/files/re-wave/rebuilt/RE_1967-amc-rebel.pdf,n/a,digital,1
RE-GD-1967-BUICK-GRAN-SPORT-401-425,guide,1967 Buick Gran Sport 401 425,1967 Buick Gran Sport 401 425. PDF download delivered at checkout.,n/a,RE_1967-buick-gran-sport-401-425.pdf,/home/hatch/workspace/goals/paid-pdf-rewrite-queue-512-across-four-brands/files/re-wave/rebuilt/RE_1967-buick-gran-sport-401-425.pdf,n/a,digital,1
RE-GD-1967-BUICK-GS,guide,1967 Buick GS Restoration Guide,1967 Buick GS Restoration Guide. PDF download delivered at checkout.,n/a,RE_buick-gs-1967.pdf,/home/hatch/workspace/goals/paid-pdf-rewrite-queue-512-across-four-brands/files/re-wave/rebuilt/RE_buick-gs-1967.pdf,n/a,digital,1
RE-GD-1967-BUICK-RIVIERA,guide,1967 Buick Riviera Restoration Guide,1967 Buick Riviera Restoration Guide. PDF download delivered at checkout.,n/a,RE_buick-riviera-1967.pdf,/home/hatch/workspace/goals/paid-pdf-rewrite-queue-512-across-four-brands/files/re-wave/rebuilt/RE_buick-riviera-1967.pdf,n/a,digital,1
RE-GD-1967-BUICK-SKYLARK-GS,guide,1967 Buick Skylark GS Restoration Guide,1967 Buick Skylark GS Restoration Guide. PDF download delivered at checkout.,n/a,RE_buick-skylark-1967.pdf,/home/hatch/workspace/goals/paid-pdf-rewrite-queue-512-across-four-brands/files/re-wave/rebuilt/RE_buick-skylark-1967.pdf,n/a,digital,1
RE-GD-1967-CHEVROLET-CAMARO,guide,1967 Chevrolet Camaro Restoration Guide,1967 Chevrolet Camaro Restoration Guide. PDF download delivered at checkout.,n/a,RE_chevrolet-camaro-1967.pdf,/home/hatch/workspace/goals/paid-pdf-rewrite-queue-512-across-four-brands/files/re-wave/rebuilt/RE_chevrolet-camaro-1967.pdf,n/a,digital,1
RE-GD-1967-DODGE-CHARGER,guide,1967 Dodge Charger Restoration Guide,1967 Dodge Charger Restoration Guide. PDF download delivered at checkout.,n/a,RE_1967-dodge-charger.pdf,/home/hatch/workspace/goals/paid-pdf-rewrite-queue-512-across-four-brands/files/re-wave/rebuilt/RE_1967-dodge-charger.pdf,n/a,digital,1
RE-GD-1967-FORD-MUSTANG-ELEANOR-RESTORATION,guide,1967 Ford Mustang Eleanor Restoration,1967 Ford Mustang Eleanor Restoration. PDF download delivered at checkout.,n/a,RE_1967-ford-mustang-eleanor-restoration.pdf,/home/hatch/workspace/goals/launch-my-five-brands-on-facebook/files/re-guide-rebuild/wave-1/RE_1967-ford-mustang-eleanor-restoration.pdf,n/a,digital,1
RE-GD-1967-MUSTANG,guide,1967 Ford Mustang Restoration Guide,1967 Ford Mustang Restoration Guide. PDF download delivered at checkout.,n/a,RE_1967-mustang.pdf,/home/hatch/workspace/goals/launch-my-five-brands-on-facebook/files/re-guide-rebuild/wave-1/RE_1967-mustang.pdf,n/a,digital,1
RE-GD-1967-PLYMOUTH-GTX,guide,1967 Plymouth GTX Restoration Guide,1967 Plymouth GTX Restoration Guide. PDF download delivered at checkout.,n/a,RE_1967-plymouth-gtx.pdf,/home/hatch/workspace/goals/paid-pdf-rewrite-queue-512-across-four-brands/files/re-wave/rebuilt/RE_1967-plymouth-gtx.pdf,n/a,digital,1
RE-GD-1967-PONTIAC-FIREBIRD,guide,1967 Pontiac Firebird Restoration Guide,1967 Pontiac Firebird Restoration Guide. PDF download delivered at checkout.,n/a,RE_1967-pontiac-firebird.pdf,/home/hatch/workspace/goals/paid-pdf-rewrite-queue-512-across-four-brands/files/re-wave/rebuilt/RE_1967-pontiac-firebird.pdf,n/a,digital,1
RE-GD-1967-PONTIAC-GRAND-PRIX,guide,1967 Pontiac Grand Prix Restoration Guide,1967 Pontiac Grand Prix Restoration Guide. PDF download delivered at checkout.,n/a,RE_pontiac-grand-prix-1967.pdf,/home/hatch/workspace/goals/paid-pdf-rewrite-queue-512-across-four-brands/files/re-wave/rebuilt/RE_pontiac-grand-prix-1967.pdf,n/a,digital,1
RE-GD-1967-PONTIAC-GTO,guide,1967 Pontiac GTO Restoration Guide,1967 Pontiac GTO Restoration Guide. PDF download delivered at checkout.,n/a,RE_1967-pontiac-gto.pdf,/home/hatch/workspace/goals/paid-pdf-rewrite-queue-512-across-four-brands/files/re-wave/rebuilt/RE_1967-pontiac-gto.pdf,n/a,digital,1
RE-GD-1967-SHELBY-GT500,guide,1967 Shelby GT500 Restoration Guide,1967 Shelby GT500 Restoration Guide. PDF download delivered at checkout.,n/a,RE_1967-shelby-gt500.pdf,/home/hatch/workspace/goals/paid-pdf-rewrite-queue-512-across-four-brands/files/re-wave/rebuilt/RE_1967-shelby-gt500.pdf,n/a,digital,1
RE-GD-1968-AMC-AMX,guide,1968 AMC AMX Restoration Guide,1968 AMC AMX Restoration Guide. PDF download delivered at checkout.,n/a,RE_1968-amc-amx.pdf,/home/hatch/workspace/goals/paid-pdf-rewrite-queue-512-across-four-brands/files/re-wave/rebuilt/RE_1968-amc-amx.pdf,n/a,digital,1
RE-GD-1968-AMC-JAVELIN,guide,1968 AMC Javelin Restoration Guide,1968 AMC Javelin Restoration Guide. PDF download delivered at checkout.,n/a,RE_1968-amc-javelin.pdf,/home/hatch/workspace/goals/paid-pdf-rewrite-queue-512-across-four-brands/files/re-wave/rebuilt/RE_1968-amc-javelin.pdf,n/a,digital,1
RE-GD-1968-BUICK-GRAN-SPORT-401-425,guide,1968 Buick Gran Sport 401 425,1968 Buick Gran Sport 401 425. PDF download delivered at checkout.,n/a,RE_1968-buick-gran-sport-401-425.pdf,/home/hatch/workspace/goals/paid-pdf-rewrite-queue-512-across-four-brands/files/re-wave/rebuilt/RE_1968-buick-gran-sport-401-425.pdf,n/a,digital,1
RE-GD-1968-BUICK-RIVIERA,guide,1968 Buick Riviera Restoration Guide,1968 Buick Riviera Restoration Guide. PDF download delivered at checkout.,n/a,RE_buick-riviera-1968.pdf,/home/hatch/workspace/goals/paid-pdf-rewrite-queue-512-across-four-brands/files/re-wave/rebuilt/RE_buick-riviera-1968.pdf,n/a,digital,1
RE-GD-1968-BUICK-RIVIERA-GS-430,guide,1968 Buick Riviera Gran Sport 430 Restoration Guide,1968 Buick Riviera Gran Sport 430 Restoration Guide. PDF download delivered at checkout.,n/a,RE_1968-buick-riviera-gs-430.pdf,/home/hatch/workspace/goals/paid-pdf-rewrite-queue-512-across-four-brands/files/re-wave/rebuilt/RE_1968-buick-riviera-gs-430.pdf,n/a,digital,1
RE-GD-1968-DODGE-CHARGER,guide,1968 Dodge Charger Restoration Guide,1968 Dodge Charger Restoration Guide. PDF download delivered at checkout.,n/a,RE_1968-dodge-charger.pdf,/home/hatch/workspace/goals/paid-pdf-rewrite-queue-512-across-four-brands/files/re-wave/rebuilt/RE_1968-dodge-charger.pdf,n/a,digital,1
RE-GD-1968-DODGE-DART,guide,1968 Dodge Dart Restoration Guide,1968 Dodge Dart Restoration Guide. PDF download delivered at checkout.,n/a,RE_1968-dodge-dart.pdf,/home/hatch/workspace/goals/paid-pdf-rewrite-queue-512-across-four-brands/files/re-wave/rebuilt/RE_1968-dodge-dart.pdf,n/a,digital,1
RE-GD-1968-PLYMOUTH-GTX,guide,1968 Plymouth GTX Restoration Guide,1968 Plymouth GTX Restoration Guide. PDF download delivered at checkout.,n/a,RE_1968-plymouth-gtx.pdf,/home/hatch/workspace/goals/paid-pdf-rewrite-queue-512-across-four-brands/files/re-wave/rebuilt/RE_1968-plymouth-gtx.pdf,n/a,digital,1
RE-GD-1968-PLYMOUTH-ROAD-RUNNER,guide,1968 Plymouth Road Runner Restoration Guide,1968 Plymouth Road Runner Restoration Guide. PDF download delivered at checkout.,n/a,RE_1968-plymouth-road-runner.pdf,/home/hatch/workspace/goals/paid-pdf-rewrite-queue-512-across-four-brands/files/re-wave/rebuilt/RE_1968-plymouth-road-runner.pdf,n/a,digital,1
RE-GD-1968-PONTIAC-FIREBIRD,guide,1968 Pontiac Firebird Restoration Guide,1968 Pontiac Firebird Restoration Guide. PDF download delivered at checkout.,n/a,RE_1968-pontiac-firebird.pdf,/home/hatch/workspace/goals/paid-pdf-rewrite-queue-512-across-four-brands/files/re-wave/rebuilt/RE_1968-pontiac-firebird.pdf,n/a,digital,1
RE-GD-1968-PONTIAC-GRAND-PRIX,guide,1968 Pontiac Grand Prix Restoration Guide,1968 Pontiac Grand Prix Restoration Guide. PDF download delivered at checkout.,n/a,RE_pontiac-grand-prix-1968.pdf,/home/hatch/workspace/goals/paid-pdf-rewrite-queue-512-across-four-brands/files/re-wave/rebuilt/RE_pontiac-grand-prix-1968.pdf,n/a,digital,1
RE-GD-1968-PONTIAC-GTO,guide,1968 Pontiac GTO Restoration Guide,1968 Pontiac GTO Restoration Guide. PDF download delivered at checkout.,n/a,RE_1968-pontiac-gto.pdf,/home/hatch/workspace/goals/paid-pdf-rewrite-queue-512-across-four-brands/files/re-wave/rebuilt/RE_1968-pontiac-gto.pdf,n/a,digital,1
RE-GD-1968-PONTIAC-GTO-ENDURA,guide,1968 Pontiac GTO Endura Restoration Guide,1968 Pontiac GTO Endura Restoration Guide. PDF download delivered at checkout.,n/a,RE_1968-pontiac-gto-endura.pdf,/home/hatch/workspace/goals/paid-pdf-rewrite-queue-512-across-four-brands/files/re-wave/rebuilt/RE_1968-pontiac-gto-endura.pdf,n/a,digital,1
RE-GD-1968-SHELBY-GT500KR,guide,1968 Shelby GT500KR Restoration Guide,1968 Shelby GT500KR Restoration Guide. PDF download delivered at checkout.,n/a,RE_1968-shelby-gt500kr.pdf,/home/hatch/workspace/goals/paid-pdf-rewrite-queue-512-across-four-brands/files/re-wave/rebuilt/RE_1968-shelby-gt500kr.pdf,n/a,digital,1
RE-GD-1969-AMC-AMX,guide,1969 AMC AMX Restoration Guide,1969 AMC AMX Restoration Guide. PDF download delivered at checkout.,n/a,RE_1969-amc-amx.pdf,/home/hatch/workspace/goals/paid-pdf-rewrite-queue-512-across-four-brands/files/re-wave/rebuilt/RE_1969-amc-amx.pdf,n/a,digital,1
RE-GD-1969-AMC-JAVELIN,guide,1969 AMC Javelin Restoration Guide,1969 AMC Javelin Restoration Guide. PDF download delivered at checkout.,n/a,RE_1969-amc-javelin.pdf,/home/hatch/workspace/goals/paid-pdf-rewrite-queue-512-across-four-brands/files/re-wave/rebuilt/RE_1969-amc-javelin.pdf,n/a,digital,1
RE-GD-1969-BUICK-GRAN-SPORT-401-425,guide,1969 Buick Gran Sport 401 425,1969 Buick Gran Sport 401 425. PDF download delivered at checkout.,n/a,RE_1969-buick-gran-sport-401-425.pdf,/home/hatch/workspace/goals/paid-pdf-rewrite-queue-512-across-four-brands/files/re-wave/rebuilt/RE_1969-buick-gran-sport-401-425.pdf,n/a,digital,1
RE-GD-1969-BUICK-GS,guide,1969 Buick GS Restoration Guide,1969 Buick GS Restoration Guide. PDF download delivered at checkout.,n/a,RE_buick-gs-1969.pdf,/home/hatch/workspace/goals/paid-pdf-rewrite-queue-512-across-four-brands/files/re-wave/rebuilt/RE_buick-gs-1969.pdf,n/a,digital,1
RE-GD-1969-BUICK-RIVIERA,guide,1969 Buick Riviera Restoration Guide,1969 Buick Riviera Restoration Guide. PDF download delivered at checkout.,n/a,RE_buick-riviera-1969.pdf,/home/hatch/workspace/goals/paid-pdf-rewrite-queue-512-across-four-brands/files/re-wave/rebuilt/RE_buick-riviera-1969.pdf,n/a,digital,1
RE-GD-1969-BUICK-RIVIERA-GS-430,guide,1969 Buick Riviera Gran Sport 430 Restoration Guide,1969 Buick Riviera Gran Sport 430 Restoration Guide. PDF download delivered at checkout.,n/a,RE_1969-buick-riviera-gs-430.pdf,/home/hatch/workspace/goals/paid-pdf-rewrite-queue-512-across-four-brands/files/re-wave/rebuilt/RE_1969-buick-riviera-gs-430.pdf,n/a,digital,1
RE-GD-1969-DODGE-CHARGER,guide,1969 Dodge Charger Restoration Guide,1969 Dodge Charger Restoration Guide. PDF download delivered at checkout.,n/a,RE_1969-dodge-charger.pdf,/home/hatch/workspace/goals/paid-pdf-rewrite-queue-512-across-four-brands/files/re-wave/rebuilt/RE_1969-dodge-charger.pdf,n/a,digital,1
RE-GD-1969-DODGE-DART,guide,1969 Dodge Dart Restoration Guide,1969 Dodge Dart Restoration Guide. PDF download delivered at checkout.,n/a,RE_1969-dodge-dart.pdf,/home/hatch/workspace/goals/paid-pdf-rewrite-queue-512-across-four-brands/files/re-wave/rebuilt/RE_1969-dodge-dart.pdf,n/a,digital,1
RE-GD-1969-FORD-MUSTANG-BOSS-302-RESTORATION,guide,1969 Ford Mustang Boss 302 Restoration Guide,1969 Ford Mustang Boss 302 Restoration Guide. PDF download delivered at checkout.,n/a,RE_1969-ford-mustang-boss-302-restoration.pdf,/home/hatch/workspace/goals/launch-my-five-brands-on-facebook/files/re-guide-rebuild/wave-1/RE_1969-ford-mustang-boss-302-restoration.pdf,n/a,digital,1
RE-GD-1969-PLYMOUTH-GTX,guide,1969 Plymouth GTX Restoration Guide,1969 Plymouth GTX Restoration Guide. PDF download delivered at checkout.,n/a,RE_1969-plymouth-gtx.pdf,/home/hatch/workspace/goals/paid-pdf-rewrite-queue-512-across-four-brands/files/re-wave/rebuilt/RE_1969-plymouth-gtx.pdf,n/a,digital,1
RE-GD-1969-PLYMOUTH-ROAD-RUNNER,guide,1969 Plymouth Road Runner Restoration Guide,1969 Plymouth Road Runner Restoration Guide. PDF download delivered at checkout.,n/a,RE_1969-plymouth-road-runner.pdf,/home/hatch/workspace/goals/paid-pdf-rewrite-queue-512-across-four-brands/files/re-wave/rebuilt/RE_1969-plymouth-road-runner.pdf,n/a,digital,1
RE-GD-1969-PONTIAC-FIREBIRD,guide,1969 Pontiac Firebird Restoration Guide,1969 Pontiac Firebird Restoration Guide. PDF download delivered at checkout.,n/a,RE_1969-pontiac-firebird.pdf,/home/hatch/workspace/goals/paid-pdf-rewrite-queue-512-across-four-brands/files/re-wave/rebuilt/RE_1969-pontiac-firebird.pdf,n/a,digital,1
RE-GD-1969-PONTIAC-GRAND-PRIX,guide,1969 Pontiac Grand Prix Restoration Guide,1969 Pontiac Grand Prix Restoration Guide. PDF download delivered at checkout.,n/a,RE_pontiac-grand-prix-1969.pdf,/home/hatch/workspace/goals/paid-pdf-rewrite-queue-512-across-four-brands/files/re-wave/rebuilt/RE_pontiac-grand-prix-1969.pdf,n/a,digital,1
RE-GD-1969-PONTIAC-GTO,guide,1969 Pontiac GTO Restoration Guide,1969 Pontiac GTO Restoration Guide. PDF download delivered at checkout.,n/a,RE_1969-pontiac-gto.pdf,/home/hatch/workspace/goals/paid-pdf-rewrite-queue-512-across-four-brands/files/re-wave/rebuilt/RE_1969-pontiac-gto.pdf,n/a,digital,1
RE-GD-1969-PONTIAC-GTO-JUDGE,guide,1969 Pontiac GTO Judge Restoration Guide,1969 Pontiac GTO Judge Restoration Guide. PDF download delivered at checkout.,n/a,RE_1969-pontiac-gto-judge.pdf,/home/hatch/workspace/goals/paid-pdf-rewrite-queue-512-across-four-brands/files/re-wave/rebuilt/RE_1969-pontiac-gto-judge.pdf,n/a,digital,1
RE-GD-1970-AMC-AMX,guide,1970 AMC AMX Restoration Guide,1970 AMC AMX Restoration Guide. PDF download delivered at checkout.,n/a,RE_1970-amc-amx.pdf,/home/hatch/workspace/goals/paid-pdf-rewrite-queue-512-across-four-brands/files/re-wave/rebuilt/RE_1970-amc-amx.pdf,n/a,digital,1
RE-GD-1970-AMC-JAVELIN,guide,1970 AMC Javelin Restoration Guide,1970 AMC Javelin Restoration Guide. PDF download delivered at checkout.,n/a,RE_1970-amc-javelin.pdf,/home/hatch/workspace/goals/paid-pdf-rewrite-queue-512-across-four-brands/files/re-wave/rebuilt/RE_1970-amc-javelin.pdf,n/a,digital,1
RE-GD-1970-BUICK-GRAN-SPORT-40TH-ANNIVERSARY,guide,1970 Buick Gran Sport 40th Anniversary Edition Restoration Guide,1970 Buick Gran Sport 40th Anniversary Edition Restoration Guide. PDF download delivered at checkout.,n/a,,,n/a,digital,0
RE-GD-1970-BUICK-GS,guide,1970 Buick GS Restoration Guide,1970 Buick GS Restoration Guide. PDF download delivered at checkout.,n/a,RE_buick-gs-1970.pdf,/home/hatch/workspace/goals/paid-pdf-rewrite-queue-512-across-four-brands/files/re-wave/rebuilt/RE_buick-gs-1970.pdf,n/a,digital,1
RE-GD-1970-BUICK-GS-455,guide,1970 Buick GS 455 Restoration Guide,1970 Buick GS 455 Restoration Guide. PDF download delivered at checkout.,n/a,RE_1970-buick-gs-455.pdf,/home/hatch/workspace/goals/paid-pdf-rewrite-queue-512-across-four-brands/files/re-wave/rebuilt/RE_1970-buick-gs-455.pdf,n/a,digital,1
RE-GD-1970-BUICK-GSX-455,guide,1970 Buick GSX 455 Restoration Guide,1970 Buick GSX 455 Restoration Guide. PDF download delivered at checkout.,n/a,RE_1970-buick-gsx-455.pdf,/home/hatch/workspace/goals/paid-pdf-rewrite-queue-512-across-four-brands/files/re-wave/rebuilt/RE_1970-buick-gsx-455.pdf,n/a,digital,1
RE-GD-1970-BUICK-RIVIERA,guide,1970 Buick Riviera Restoration Guide,1970 Buick Riviera Restoration Guide. PDF download delivered at checkout.,n/a,RE_buick-riviera-1970.pdf,/home/hatch/workspace/goals/paid-pdf-rewrite-queue-512-across-four-brands/files/re-wave/rebuilt/RE_buick-riviera-1970.pdf,n/a,digital,1
RE-GD-1970-BUICK-SKYLARK-GSX-STAGE-1,guide,1970 Buick Skylark GSX Stage 1 Restoration Guide,1970 Buick Skylark GSX Stage 1 Restoration Guide. PDF download delivered at checkout.,n/a,RE_1970-buick-skylark-gsx-stage-1.pdf,/home/hatch/workspace/goals/paid-pdf-rewrite-queue-512-across-four-brands/files/re-wave/rebuilt/RE_1970-buick-skylark-gsx-stage-1.pdf,n/a,digital,1
RE-GD-1970-CHEVELLE-SS-RESTORATION,guide,1970 Chevrolet Chevelle SS Restoration Guide,1970 Chevrolet Chevelle SS Restoration Guide. PDF download delivered at checkout.,n/a,RE_1970-chevelle-ss-restoration.pdf,/home/hatch/workspace/goals/launch-my-five-brands-on-facebook/files/re-guide-rebuild/wave-1/RE_1970-chevelle-ss-restoration.pdf,n/a,digital,1
RE-GD-1970-CHEVY-CHEVELLE,guide,1970 Chevrolet Chevelle Restoration Guide,1970 Chevrolet Chevelle Restoration Guide. PDF download delivered at checkout.,n/a,RE_1970-chevy-chevelle.pdf,/home/hatch/workspace/goals/launch-my-five-brands-on-facebook/files/re-guide-rebuild/wave-1/RE_1970-chevy-chevelle.pdf,n/a,digital,1
RE-GD-1970-DODGE-CHALLENGER,guide,1970 Dodge Challenger Restoration Guide,1970 Dodge Challenger Restoration Guide. PDF download delivered at checkout.,n/a,RE_1970-dodge-challenger.pdf,/home/hatch/workspace/goals/paid-pdf-rewrite-queue-512-across-four-brands/files/re-wave/rebuilt/RE_1970-dodge-challenger.pdf,n/a,digital,1
RE-GD-1970-DODGE-CHARGER,guide,1970 Dodge Charger Restoration Guide,1970 Dodge Charger Restoration Guide. PDF download delivered at checkout.,n/a,RE_1970-dodge-charger.pdf,/home/hatch/workspace/goals/paid-pdf-rewrite-queue-512-across-four-brands/files/re-wave/rebuilt/RE_1970-dodge-charger.pdf,n/a,digital,1
RE-GD-1970-DODGE-DART,guide,1970 Dodge Dart Restoration Guide,1970 Dodge Dart Restoration Guide. PDF download delivered at checkout.,n/a,RE_1970-dodge-dart.pdf,/home/hatch/workspace/goals/paid-pdf-rewrite-queue-512-across-four-brands/files/re-wave/rebuilt/RE_1970-dodge-dart.pdf,n/a,digital,1
RE-GD-1970-FORD-MUSTANG-BOSS-302-RESTORATION,guide,1970 Ford Mustang Boss 302 Restoration Guide,1970 Ford Mustang Boss 302 Restoration Guide. PDF download delivered at checkout.,n/a,RE_1970-ford-mustang-boss-302-restoration.pdf,/home/hatch/workspace/goals/launch-my-five-brands-on-facebook/files/re-guide-rebuild/wave-1/RE_1970-ford-mustang-boss-302-restoration.pdf,n/a,digital,1
RE-GD-1970-MERCURY-CYCLONE-SPOILER-429-SCJ,guide,1970 Mercury Cyclone Spoiler 429 SCJ Restoration Guide,1970 Mercury Cyclone Spoiler 429 SCJ Restoration Guide. PDF download delivered at checkout.,n/a,,,n/a,digital,0
RE-GD-1970-PLYMOUTH-BARRACUDA,guide,1970 Plymouth Barracuda Restoration Guide,1970 Plymouth Barracuda Restoration Guide. PDF download delivered at checkout.,n/a,RE_1970-plymouth-barracuda.pdf,/home/hatch/workspace/goals/paid-pdf-rewrite-queue-512-across-four-brands/files/re-wave/rebuilt/RE_1970-plymouth-barracuda.pdf,n/a,digital,1
RE-GD-1970-PLYMOUTH-DUSTER,guide,1970 Plymouth Duster,1970 Plymouth Duster. PDF download delivered at checkout.,n/a,,,n/a,digital,0
RE-GD-1970-PLYMOUTH-GTX,guide,1970 Plymouth GTX Restoration Guide,1970 Plymouth GTX Restoration Guide. PDF download delivered at checkout.,n/a,RE_1970-plymouth-gtx.pdf,/home/hatch/workspace/goals/paid-pdf-rewrite-queue-512-across-four-brands/files/re-wave/rebuilt/RE_1970-plymouth-gtx.pdf,n/a,digital,1
RE-GD-1970-PLYMOUTH-HEMI-CUDA-RESTORATION,guide,1970 Plymouth Hemi Cuda Restoration,1970 Plymouth Hemi Cuda Restoration. PDF download delivered at checkout.,n/a,RE_1970-plymouth-hemi-cuda.pdf,/home/hatch/workspace/goals/paid-pdf-rewrite-queue-512-across-four-brands/files/re-wave/rebuilt/RE_1970-plymouth-hemi-cuda.pdf,n/a,digital,1
RE-GD-1970-PLYMOUTH-ROAD-RUNNER,guide,1970 Plymouth Road Runner Restoration Guide,1970 Plymouth Road Runner Restoration Guide. PDF download delivered at checkout.,n/a,RE_1970-plymouth-road-runner.pdf,/home/hatch/workspace/goals/paid-pdf-rewrite-queue-512-across-four-brands/files/re-wave/rebuilt/RE_1970-plymouth-road-runner.pdf,n/a,digital,1
RE-GD-1970-PLYMOUTH-ROAD-RUNNER-SUPERBIRD,guide,1970 Plymouth Superbird Restoration Guide,1970 Plymouth Superbird Restoration Guide. PDF download delivered at checkout.,n/a,RE_1970-plymouth-road-runner-superbird.pdf,/home/hatch/workspace/goals/paid-pdf-rewrite-queue-512-across-four-brands/files/re-wave/rebuilt/RE_1970-plymouth-road-runner-superbird.pdf,n/a,digital,1
RE-GD-1970-PONTIAC-FIREBIRD,guide,1970 Pontiac Firebird Restoration Guide,1970 Pontiac Firebird Restoration Guide. PDF download delivered at checkout.,n/a,RE_1970-pontiac-firebird.pdf,/home/hatch/workspace/goals/paid-pdf-rewrite-queue-512-across-four-brands/files/re-wave/rebuilt/RE_1970-pontiac-firebird.pdf,n/a,digital,1
RE-GD-1970-PONTIAC-GRAND-PRIX,guide,1970 Pontiac Grand Prix Restoration Guide,1970 Pontiac Grand Prix Restoration Guide. PDF download delivered at checkout.,n/a,RE_pontiac-grand-prix-1970.pdf,/home/hatch/workspace/goals/paid-pdf-rewrite-queue-512-across-four-brands/files/re-wave/rebuilt/RE_pontiac-grand-prix-1970.pdf,n/a,digital,1
RE-GD-1970-PONTIAC-GTO,guide,1970 Pontiac GTO Restoration Guide,1970 Pontiac GTO Restoration Guide. PDF download delivered at checkout.,n/a,RE_1970-pontiac-gto.pdf,/home/hatch/workspace/goals/paid-pdf-rewrite-queue-512-across-four-brands/files/re-wave/rebuilt/RE_1970-pontiac-gto.pdf,n/a,digital,1
RE-GD-1970-PONTIAC-TRANS-AM,guide,1970 Pontiac Trans Am Restoration Guide,1970 Pontiac Trans Am Restoration Guide. PDF download delivered at checkout.,n/a,RE_1970-pontiac-trans-am.pdf,/home/hatch/workspace/goals/paid-pdf-rewrite-queue-512-across-four-brands/files/re-wave/rebuilt/RE_1970-pontiac-trans-am.pdf,n/a,digital,1
RE-GD-1971-AMC-JAVELIN,guide,1971 AMC Javelin Restoration Guide,1971 AMC Javelin Restoration Guide. PDF download delivered at checkout.,n/a,RE_1971-amc-javelin.pdf,/home/hatch/workspace/goals/paid-pdf-rewrite-queue-512-across-four-brands/files/re-wave/rebuilt/RE_1971-amc-javelin.pdf,n/a,digital,1
RE-GD-1971-BUICK-GS,guide,1971 Buick GS Restoration Guide,1971 Buick GS Restoration Guide. PDF download delivered at checkout.,n/a,RE_buick-gs-1971.pdf,/home/hatch/workspace/goals/paid-pdf-rewrite-queue-512-across-four-brands/files/re-wave/rebuilt/RE_buick-gs-1971.pdf,n/a,digital,1
RE-GD-1971-BUICK-GS-455,guide,1971 Buick GS 455 Restoration Guide,1971 Buick GS 455 Restoration Guide. PDF download delivered at checkout.,n/a,RE_1971-buick-gs-455.pdf,/home/hatch/workspace/goals/paid-pdf-rewrite-queue-512-across-four-brands/files/re-wave/rebuilt/RE_1971-buick-gs-455.pdf,n/a,digital,1
RE-GD-1971-DODGE-CHALLENGER,guide,1971 Dodge Challenger Restoration Guide,1971 Dodge Challenger Restoration Guide. PDF download delivered at checkout.,n/a,RE_1971-dodge-challenger.pdf,/home/hatch/workspace/goals/paid-pdf-rewrite-queue-512-across-four-brands/files/re-wave/rebuilt/RE_1971-dodge-challenger.pdf,n/a,digital,1
RE-GD-1971-DODGE-CHARGER,guide,1971 Dodge Charger Restoration Guide,1971 Dodge Charger Restoration Guide. PDF download delivered at checkout.,n/a,RE_1971-dodge-charger.pdf,/home/hatch/workspace/goals/paid-pdf-rewrite-queue-512-across-four-brands/files/re-wave/rebuilt/RE_1971-dodge-charger.pdf,n/a,digital,1
RE-GD-1971-DODGE-DART,guide,1971 Dodge Dart Restoration Guide,1971 Dodge Dart Restoration Guide. PDF download delivered at checkout.,n/a,RE_1971-dodge-dart.pdf,/home/hatch/workspace/goals/paid-pdf-rewrite-queue-512-across-four-brands/files/re-wave/rebuilt/RE_1971-dodge-dart.pdf,n/a,digital,1
RE-GD-1971-PLYMOUTH-GTX,guide,1971 Plymouth GTX Restoration Guide,1971 Plymouth GTX Restoration Guide. PDF download delivered at checkout.,n/a,RE_1971-plymouth-gtx.pdf,/home/hatch/workspace/goals/paid-pdf-rewrite-queue-512-across-four-brands/files/re-wave/rebuilt/RE_1971-plymouth-gtx.pdf,n/a,digital,1
RE-GD-1971-PONTIAC-FIREBIRD,guide,1971 Pontiac Firebird Restoration Guide,1971 Pontiac Firebird Restoration Guide. PDF download delivered at checkout.,n/a,RE_1971-pontiac-firebird.pdf,/home/hatch/workspace/goals/paid-pdf-rewrite-queue-512-across-four-brands/files/re-wave/rebuilt/RE_1971-pontiac-firebird.pdf,n/a,digital,1
RE-GD-1971-PONTIAC-GRAND-PRIX,guide,1971 Pontiac Grand Prix Restoration Guide,1971 Pontiac Grand Prix Restoration Guide. PDF download delivered at checkout.,n/a,RE_pontiac-grand-prix-1971.pdf,/home/hatch/workspace/goals/paid-pdf-rewrite-queue-512-across-four-brands/files/re-wave/rebuilt/RE_pontiac-grand-prix-1971.pdf,n/a,digital,1
RE-GD-1971-PONTIAC-GTO,guide,1971 Pontiac GTO Restoration Guide,1971 Pontiac GTO Restoration Guide. PDF download delivered at checkout.,n/a,RE_1971-pontiac-gto.pdf,/home/hatch/workspace/goals/paid-pdf-rewrite-queue-512-across-four-brands/files/re-wave/rebuilt/RE_1971-pontiac-gto.pdf,n/a,digital,1
RE-GD-1972-AMC-JAVELIN,guide,1972 AMC Javelin Restoration Guide,1972 AMC Javelin Restoration Guide. PDF download delivered at checkout.,n/a,RE_1972-amc-javelin.pdf,/home/hatch/workspace/goals/paid-pdf-rewrite-queue-512-across-four-brands/files/re-wave/rebuilt/RE_1972-amc-javelin.pdf,n/a,digital,1
RE-GD-1972-BUICK-GS,guide,1972 Buick GS Restoration Guide,1972 Buick GS Restoration Guide. PDF download delivered at checkout.,n/a,RE_buick-gs-1972.pdf,/home/hatch/workspace/goals/paid-pdf-rewrite-queue-512-across-four-brands/files/re-wave/rebuilt/RE_buick-gs-1972.pdf,n/a,digital,1
RE-GD-1972-BUICK-GS-455,guide,1972 Buick GS 455 Restoration Guide,1972 Buick GS 455 Restoration Guide. PDF download delivered at checkout.,n/a,RE_1972-buick-gs-455.pdf,/home/hatch/workspace/goals/paid-pdf-rewrite-queue-512-across-four-brands/files/re-wave/rebuilt/RE_1972-buick-gs-455.pdf,n/a,digital,1
RE-GD-1972-BUICK-RIVIERA,guide,1972 Buick Riviera Restoration Guide,1972 Buick Riviera Restoration Guide. PDF download delivered at checkout.,n/a,RE_buick-riviera-1972.pdf,/home/hatch/workspace/goals/paid-pdf-rewrite-queue-512-across-four-brands/files/re-wave/rebuilt/RE_buick-riviera-1972.pdf,n/a,digital,1
RE-GD-1972-DODGE-CHALLENGER,guide,1972 Dodge Challenger Restoration Guide,1972 Dodge Challenger Restoration Guide. PDF download delivered at checkout.,n/a,RE_1972-dodge-challenger.pdf,/home/hatch/workspace/goals/paid-pdf-rewrite-queue-512-across-four-brands/files/re-wave/rebuilt/RE_1972-dodge-challenger.pdf,n/a,digital,1
RE-GD-1972-DODGE-CHARGER,guide,1972 Dodge Charger Restoration Guide,1972 Dodge Charger Restoration Guide. PDF download delivered at checkout.,n/a,RE_1972-dodge-charger.pdf,/home/hatch/workspace/goals/paid-pdf-rewrite-queue-512-across-four-brands/files/re-wave/rebuilt/RE_1972-dodge-charger.pdf,n/a,digital,1
RE-GD-1972-DODGE-DART,guide,1972 Dodge Dart Restoration Guide,1972 Dodge Dart Restoration Guide. PDF download delivered at checkout.,n/a,RE_1972-dodge-dart.pdf,/home/hatch/workspace/goals/paid-pdf-rewrite-queue-512-across-four-brands/files/re-wave/rebuilt/RE_1972-dodge-dart.pdf,n/a,digital,1
RE-GD-1972-MERCURY-COUGAR,guide,1972 Mercury Cougar Restoration Guide,1972 Mercury Cougar Restoration Guide. PDF download delivered at checkout.,n/a,,,n/a,digital,0
RE-GD-1972-PONTIAC-FIREBIRD,guide,1972 Pontiac Firebird Restoration Guide,1972 Pontiac Firebird Restoration Guide. PDF download delivered at checkout.,n/a,RE_1972-pontiac-firebird.pdf,/home/hatch/workspace/goals/paid-pdf-rewrite-queue-512-across-four-brands/files/re-wave/rebuilt/RE_1972-pontiac-firebird.pdf,n/a,digital,1
RE-GD-1972-PONTIAC-GRAND-PRIX,guide,1972 Pontiac Grand Prix Restoration Guide,1972 Pontiac Grand Prix Restoration Guide. PDF download delivered at checkout.,n/a,RE_pontiac-grand-prix-1972.pdf,/home/hatch/workspace/goals/paid-pdf-rewrite-queue-512-across-four-brands/files/re-wave/rebuilt/RE_pontiac-grand-prix-1972.pdf,n/a,digital,1
RE-GD-1972-PONTIAC-GTO,guide,1972 Pontiac GTO Restoration Guide,1972 Pontiac GTO Restoration Guide. PDF download delivered at checkout.,n/a,RE_1972-pontiac-gto.pdf,/home/hatch/workspace/goals/paid-pdf-rewrite-queue-512-across-four-brands/files/re-wave/rebuilt/RE_1972-pontiac-gto.pdf,n/a,digital,1
RE-GD-1973-AMC-JAVELIN,guide,1973 AMC Javelin Restoration Guide,1973 AMC Javelin Restoration Guide. PDF download delivered at checkout.,n/a,RE_1973-amc-javelin.pdf,/home/hatch/workspace/goals/paid-pdf-rewrite-queue-512-across-four-brands/files/re-wave/rebuilt/RE_1973-amc-javelin.pdf,n/a,digital,1
RE-GD-1973-BUICK-RIVIERA,guide,1973 Buick Riviera Restoration Guide,1973 Buick Riviera Restoration Guide. PDF download delivered at checkout.,n/a,RE_buick-riviera-1973.pdf,/home/hatch/workspace/goals/paid-pdf-rewrite-queue-512-across-four-brands/files/re-wave/rebuilt/RE_buick-riviera-1973.pdf,n/a,digital,1
RE-GD-1973-DODGE-CHALLENGER,guide,1973 Dodge Challenger Restoration Guide,1973 Dodge Challenger Restoration Guide. PDF download delivered at checkout.,n/a,RE_1973-dodge-challenger.pdf,/home/hatch/workspace/goals/paid-pdf-rewrite-queue-512-across-four-brands/files/re-wave/rebuilt/RE_1973-dodge-challenger.pdf,n/a,digital,1
RE-GD-1973-DODGE-CHARGER,guide,1973 Dodge Charger Restoration Guide,1973 Dodge Charger Restoration Guide. PDF download delivered at checkout.,n/a,RE_1973-dodge-charger.pdf,/home/hatch/workspace/goals/paid-pdf-rewrite-queue-512-across-four-brands/files/re-wave/rebuilt/RE_1973-dodge-charger.pdf,n/a,digital,1
RE-GD-1973-DODGE-DART,guide,1973 Dodge Dart Restoration Guide,1973 Dodge Dart Restoration Guide. PDF download delivered at checkout.,n/a,RE_1973-dodge-dart.pdf,/home/hatch/workspace/goals/paid-pdf-rewrite-queue-512-across-four-brands/files/re-wave/rebuilt/RE_1973-dodge-dart.pdf,n/a,digital,1
RE-GD-1973-MERCURY-COUGAR,guide,1973 Mercury Cougar Restoration Guide,1973 Mercury Cougar Restoration Guide. PDF download delivered at checkout.,n/a,,,n/a,digital,0
RE-GD-1973-PONTIAC-FIREBIRD,guide,1973 Pontiac Firebird Restoration Guide,1973 Pontiac Firebird Restoration Guide. PDF download delivered at checkout.,n/a,RE_1973-pontiac-firebird.pdf,/home/hatch/workspace/goals/paid-pdf-rewrite-queue-512-across-four-brands/files/re-wave/rebuilt/RE_1973-pontiac-firebird.pdf,n/a,digital,1
RE-GD-1973-PONTIAC-GRAND-PRIX,guide,1973 Pontiac Grand Prix Restoration Guide,1973 Pontiac Grand Prix Restoration Guide. PDF download delivered at checkout.,n/a,RE_pontiac-grand-prix-1973.pdf,/home/hatch/workspace/goals/paid-pdf-rewrite-queue-512-across-four-brands/files/re-wave/rebuilt/RE_pontiac-grand-prix-1973.pdf,n/a,digital,1
RE-GD-1973-PONTIAC-GTO,guide,1973 Pontiac GTO Restoration Guide,1973 Pontiac GTO Restoration Guide. PDF download delivered at checkout.,n/a,RE_1973-pontiac-gto.pdf,/home/hatch/workspace/goals/paid-pdf-rewrite-queue-512-across-four-brands/files/re-wave/rebuilt/RE_1973-pontiac-gto.pdf,n/a,digital,1
RE-GD-AMC-REBEL-1967-1970,guide,1970 AMC Rebel Restoration Guide,1970 AMC Rebel Restoration Guide. PDF download delivered at checkout.,n/a,RE_1970-amc-rebel.pdf,/home/hatch/workspace/goals/paid-pdf-rewrite-queue-512-across-four-brands/files/re-wave/rebuilt/RE_1970-amc-rebel.pdf,n/a,digital,1
RE-GD-AMC-SC-RAMBLER-1969,guide,Amc Sc Rambler 1969,Amc Sc Rambler 1969. PDF download delivered at checkout.,n/a,RE_amc-sc-rambler-1969.pdf,/home/hatch/workspace/goals/paid-pdf-rewrite-queue-512-across-four-brands/files/re-wave/rebuilt/RE_amc-sc-rambler-1969.pdf,n/a,digital,1
RE-GD-BUICK-GS-1968,guide,1968 Buick GS Restoration Guide,1968 Buick GS Restoration Guide. PDF download delivered at checkout.,n/a,RE_buick-gs-1968.pdf,/home/hatch/workspace/goals/paid-pdf-rewrite-queue-512-across-four-brands/files/re-wave/rebuilt/RE_buick-gs-1968.pdf,n/a,digital,1
RE-GD-BUICK-GS-1973,guide,1973 Buick GS Restoration Guide,1973 Buick GS Restoration Guide. PDF download delivered at checkout.,n/a,RE_buick-gs-1973.pdf,/home/hatch/workspace/goals/paid-pdf-rewrite-queue-512-across-four-brands/files/re-wave/rebuilt/RE_buick-gs-1973.pdf,n/a,digital,1
RE-GD-BUICK-GSX,guide,Buick Gsx,Buick Gsx. PDF download delivered at checkout.,n/a,RE_1972-buick-gsx.pdf,/home/hatch/workspace/goals/paid-pdf-rewrite-queue-512-across-four-brands/files/re-wave/rebuilt/RE_1972-buick-gsx.pdf,n/a,digital,1
RE-GD-BUICK-RIVIERA-1971,guide,1971 Buick Riviera Restoration Guide,1971 Buick Riviera Restoration Guide. PDF download delivered at checkout.,n/a,RE_buick-riviera-1971.pdf,/home/hatch/workspace/goals/paid-pdf-rewrite-queue-512-across-four-brands/files/re-wave/rebuilt/RE_buick-riviera-1971.pdf,n/a,digital,1
RE-GD-BUICK-SKYLARK-1964,guide,1964 Buick Skylark Restoration Guide,1964 Buick Skylark Restoration Guide. PDF download delivered at checkout.,n/a,RE_buick-skylark-1964.pdf,/home/hatch/workspace/goals/paid-pdf-rewrite-queue-512-across-four-brands/files/re-wave/rebuilt/RE_buick-skylark-1964.pdf,n/a,digital,1
RE-GD-CADILLAC-ELDORADO,guide,Cadillac Eldorado,Cadillac Eldorado. PDF download delivered at checkout.,n/a,RE_cadillac-eldorado-1967.pdf,/home/hatch/workspace/goals/paid-pdf-rewrite-queue-512-across-four-brands/files/re-wave/rebuilt/RE_cadillac-eldorado-1967.pdf,n/a,digital,1
RE-GD-CHEVROLET-BEL-AIR-1955,guide,1955 Chevrolet Bel Air Restoration Guide,1955 Chevrolet Bel Air Restoration Guide. PDF download delivered at checkout.,n/a,RE_1955-chevrolet-bel-air.pdf,/home/hatch/workspace/goals/paid-pdf-rewrite-queue-512-across-four-brands/files/re-wave/rebuilt/RE_1955-chevrolet-bel-air.pdf,n/a,digital,1
RE-GD-CHEVROLET-BEL-AIR-1956,guide,1956 Chevrolet Bel Air Restoration Guide,1956 Chevrolet Bel Air Restoration Guide. PDF download delivered at checkout.,n/a,RE_1956-chevrolet-bel-air.pdf,/home/hatch/workspace/goals/paid-pdf-rewrite-queue-512-across-four-brands/files/re-wave/rebuilt/RE_1956-chevrolet-bel-air.pdf,n/a,digital,1
RE-GD-CHEVROLET-BEL-AIR-1957,guide,1957 Chevrolet Bel Air Restoration Guide,1957 Chevrolet Bel Air Restoration Guide. PDF download delivered at checkout.,n/a,RE_1957-chevrolet-bel-air.pdf,/home/hatch/workspace/goals/paid-pdf-rewrite-queue-512-across-four-brands/files/re-wave/rebuilt/RE_1957-chevrolet-bel-air.pdf,n/a,digital,1
RE-GD-CHEVROLET-C-K-TRUCK-RESTORATION-GUIDE-1960-1966,guide,Chevrolet C K Truck Restoration Guide 1960 1966,Chevrolet C K Truck Restoration Guide 1960 1966. PDF download delivered at checkout.,n/a,,,n/a,digital,0
RE-GD-CHEVROLET-C-K-TRUCK-RESTORATION-GUIDE-1967-1972-ACTION-LINE,guide,Chevrolet C K Truck Restoration Guide 1967 1972 Action Line,Chevrolet C K Truck Restoration Guide 1967 1972 Action Line. PDF download delivered at checkout.,n/a,,,n/a,digital,0
RE-GD-CHEVROLET-CAMARO-1967,guide,1967 Chevrolet Camaro Restoration Guide,1967 Chevrolet Camaro Restoration Guide. PDF download delivered at checkout.,n/a,RE_1967-chevrolet-camaro.pdf,/home/hatch/workspace/goals/paid-pdf-rewrite-queue-512-across-four-brands/files/re-wave/rebuilt/RE_1967-chevrolet-camaro.pdf,n/a,digital,1
RE-GD-CHEVROLET-CAMARO-1968,guide,1968 Chevrolet Camaro Restoration Guide,1968 Chevrolet Camaro Restoration Guide. PDF download delivered at checkout.,n/a,RE_chevrolet-camaro-1968.pdf,/home/hatch/workspace/goals/paid-pdf-rewrite-queue-512-across-four-brands/files/re-wave/rebuilt/RE_chevrolet-camaro-1968.pdf,n/a,digital,1
RE-GD-CHEVROLET-CAMARO-1969,guide,1969 Chevrolet Camaro Restoration Guide,1969 Chevrolet Camaro Restoration Guide. PDF download delivered at checkout.,n/a,RE_chevrolet-camaro-1969.pdf,/home/hatch/workspace/goals/paid-pdf-rewrite-queue-512-across-four-brands/files/re-wave/rebuilt/RE_chevrolet-camaro-1969.pdf,n/a,digital,1
RE-GD-CHEVROLET-CAMARO-1970,guide,1970 Chevrolet Camaro Restoration Guide,1970 Chevrolet Camaro Restoration Guide. PDF download delivered at checkout.,n/a,RE_chevrolet-camaro-1970.pdf,/home/hatch/workspace/goals/paid-pdf-rewrite-queue-512-across-four-brands/files/re-wave/rebuilt/RE_chevrolet-camaro-1970.pdf,n/a,digital,1
RE-GD-CHEVROLET-CAMARO-1971,guide,1971 Chevrolet Camaro Restoration Guide,1971 Chevrolet Camaro Restoration Guide. PDF download delivered at checkout.,n/a,RE_chevrolet-camaro-1971.pdf,/home/hatch/workspace/goals/paid-pdf-rewrite-queue-512-across-four-brands/files/re-wave/rebuilt/RE_chevrolet-camaro-1971.pdf,n/a,digital,1
RE-GD-CHEVROLET-CAMARO-1972,guide,1972 Chevrolet Camaro Restoration Guide,1972 Chevrolet Camaro Restoration Guide. PDF download delivered at checkout.,n/a,RE_chevrolet-camaro-1972.pdf,/home/hatch/workspace/goals/paid-pdf-rewrite-queue-512-across-four-brands/files/re-wave/rebuilt/RE_chevrolet-camaro-1972.pdf,n/a,digital,1
RE-GD-CHEVROLET-CAMARO-1973,guide,1973 Chevrolet Camaro Restoration Guide,1973 Chevrolet Camaro Restoration Guide. PDF download delivered at checkout.,n/a,RE_chevrolet-camaro-1973.pdf,/home/hatch/workspace/goals/paid-pdf-rewrite-queue-512-across-four-brands/files/re-wave/rebuilt/RE_chevrolet-camaro-1973.pdf,n/a,digital,1
RE-GD-CHEVROLET-CHEVELLE-1964,guide,1964 Chevrolet Chevelle Restoration Guide,1964 Chevrolet Chevelle Restoration Guide. PDF download delivered at checkout.,n/a,RE_chevrolet-chevelle-1964.pdf,/home/hatch/workspace/goals/launch-my-five-brands-on-facebook/files/re-guide-rebuild/wave-1/RE_chevrolet-chevelle-1964.pdf,n/a,digital,1
RE-GD-CHEVROLET-CHEVELLE-1965,guide,1965 Chevrolet Chevelle Restoration Guide,1965 Chevrolet Chevelle Restoration Guide. PDF download delivered at checkout.,n/a,RE_chevrolet-chevelle-1965.pdf,/home/hatch/workspace/goals/launch-my-five-brands-on-facebook/files/re-guide-rebuild/wave-1/RE_chevrolet-chevelle-1965.pdf,n/a,digital,1
RE-GD-CHEVROLET-CHEVELLE-1966,guide,1966 Chevrolet Chevelle Restoration Guide,1966 Chevrolet Chevelle Restoration Guide. PDF download delivered at checkout.,n/a,RE_chevrolet-chevelle-1966.pdf,/home/hatch/workspace/goals/launch-my-five-brands-on-facebook/files/re-guide-rebuild/wave-1/RE_chevrolet-chevelle-1966.pdf,n/a,digital,1
RE-GD-CHEVROLET-CHEVELLE-1967,guide,1967 Chevrolet Chevelle Restoration Guide,1967 Chevrolet Chevelle Restoration Guide. PDF download delivered at checkout.,n/a,RE_chevrolet-chevelle-1967.pdf,/home/hatch/workspace/goals/launch-my-five-brands-on-facebook/files/re-guide-rebuild/wave-1/RE_chevrolet-chevelle-1967.pdf,n/a,digital,1
RE-GD-CHEVROLET-CHEVELLE-1968,guide,1968 Chevrolet Chevelle Restoration Guide,1968 Chevrolet Chevelle Restoration Guide. PDF download delivered at checkout.,n/a,RE_chevrolet-chevelle-1968.pdf,/home/hatch/workspace/goals/launch-my-five-brands-on-facebook/files/re-guide-rebuild/wave-1/RE_chevrolet-chevelle-1968.pdf,n/a,digital,1
RE-GD-CHEVROLET-CHEVELLE-1969,guide,1969 Chevrolet Chevelle Restoration Guide,1969 Chevrolet Chevelle Restoration Guide. PDF download delivered at checkout.,n/a,RE_chevrolet-chevelle-1969.pdf,/home/hatch/workspace/goals/launch-my-five-brands-on-facebook/files/re-guide-rebuild/wave-1/RE_chevrolet-chevelle-1969.pdf,n/a,digital,1
RE-GD-CHEVROLET-CHEVELLE-1970,guide,1970 Chevrolet Chevelle Restoration Guide,1970 Chevrolet Chevelle Restoration Guide. PDF download delivered at checkout.,n/a,RE_chevrolet-chevelle-1970.pdf,/home/hatch/workspace/goals/launch-my-five-brands-on-facebook/files/re-guide-rebuild/wave-1/RE_chevrolet-chevelle-1970.pdf,n/a,digital,1
RE-GD-CHEVROLET-CHEVELLE-1971,guide,1971 Chevrolet Chevelle Restoration Guide,1971 Chevrolet Chevelle Restoration Guide. PDF download delivered at checkout.,n/a,RE_chevrolet-chevelle-1971.pdf,/home/hatch/workspace/goals/launch-my-five-brands-on-facebook/files/re-guide-rebuild/wave-1/RE_chevrolet-chevelle-1971.pdf,n/a,digital,1
RE-GD-CHEVROLET-CHEVELLE-1972,guide,1972 Chevrolet Chevelle Restoration Guide,1972 Chevrolet Chevelle Restoration Guide. PDF download delivered at checkout.,n/a,RE_chevrolet-chevelle-1972.pdf,/home/hatch/workspace/goals/launch-my-five-brands-on-facebook/files/re-guide-rebuild/wave-1/RE_chevrolet-chevelle-1972.pdf,n/a,digital,1
RE-GD-CHEVROLET-CHEVELLE-1973,guide,1973 Chevrolet Chevelle Restoration Guide,1973 Chevrolet Chevelle Restoration Guide. PDF download delivered at checkout.,n/a,RE_chevrolet-chevelle-1973.pdf,/home/hatch/workspace/goals/launch-my-five-brands-on-facebook/files/re-guide-rebuild/wave-1/RE_chevrolet-chevelle-1973.pdf,n/a,digital,1
RE-GD-CHEVROLET-CHEVELLE-SS-454,guide,Chevrolet Chevelle Ss 454,Chevrolet Chevelle Ss 454. PDF download delivered at checkout.,n/a,,,n/a,digital,0
RE-GD-CHEVROLET-CHEVELLE-SS-454-1970,guide,1970 Chevrolet Chevelle SS 454 Restoration Guide,1970 Chevrolet Chevelle SS 454 Restoration Guide. PDF download delivered at checkout.,n/a,RE_chevrolet-chevelle-ss-454-1970.pdf,/home/hatch/workspace/goals/launch-my-five-brands-on-facebook/files/re-guide-rebuild/wave-1/RE_chevrolet-chevelle-ss-454-1970.pdf,n/a,digital,1
RE-GD-CHEVROLET-CHEVELLE-SS-454-1971,guide,1971 Chevrolet Chevelle SS 454 Restoration Guide,1971 Chevrolet Chevelle SS 454 Restoration Guide. PDF download delivered at checkout.,n/a,RE_chevrolet-chevelle-ss-454-1971.pdf,/home/hatch/workspace/goals/launch-my-five-brands-on-facebook/files/re-guide-rebuild/wave-1/RE_chevrolet-chevelle-ss-454-1971.pdf,n/a,digital,1
RE-GD-CHEVROLET-CHEVELLE-SS-454-1972,guide,1972 Chevrolet Chevelle SS 454 Restoration Guide,1972 Chevrolet Chevelle SS 454 Restoration Guide. PDF download delivered at checkout.,n/a,RE_chevrolet-chevelle-ss-454-1972.pdf,/home/hatch/workspace/goals/launch-my-five-brands-on-facebook/files/re-guide-rebuild/wave-1/RE_chevrolet-chevelle-ss-454-1972.pdf,n/a,digital,1
RE-GD-CHEVROLET-CORVETTE-1953,guide,1953 Chevrolet Corvette Restoration Guide,1953 Chevrolet Corvette Restoration Guide. PDF download delivered at checkout.,n/a,RE_chevrolet-corvette-1953.pdf,/home/hatch/workspace/goals/paid-pdf-rewrite-queue-512-across-four-brands/files/re-wave/rebuilt/RE_chevrolet-corvette-1953.pdf,n/a,digital,1
RE-GD-CHEVROLET-CORVETTE-1954,guide,1954 Chevrolet Corvette Restoration Guide,1954 Chevrolet Corvette Restoration Guide. PDF download delivered at checkout.,n/a,RE_chevrolet-corvette-1954.pdf,/home/hatch/workspace/goals/paid-pdf-rewrite-queue-512-across-four-brands/files/re-wave/rebuilt/RE_chevrolet-corvette-1954.pdf,n/a,digital,1
RE-GD-CHEVROLET-CORVETTE-1955,guide,1955 Chevrolet Corvette Restoration Guide,1955 Chevrolet Corvette Restoration Guide. PDF download delivered at checkout.,n/a,RE_chevrolet-corvette-1955.pdf,/home/hatch/workspace/goals/paid-pdf-rewrite-queue-512-across-four-brands/files/re-wave/rebuilt/RE_chevrolet-corvette-1955.pdf,n/a,digital,1
RE-GD-CHEVROLET-CORVETTE-1956,guide,1956 Chevrolet Corvette Restoration Guide,1956 Chevrolet Corvette Restoration Guide. PDF download delivered at checkout.,n/a,RE_chevrolet-corvette-1956.pdf,/home/hatch/workspace/goals/paid-pdf-rewrite-queue-512-across-four-brands/files/re-wave/rebuilt/RE_chevrolet-corvette-1956.pdf,n/a,digital,1
RE-GD-CHEVROLET-CORVETTE-1957,guide,1957 Chevrolet Corvette Restoration Guide,1957 Chevrolet Corvette Restoration Guide. PDF download delivered at checkout.,n/a,RE_chevrolet-corvette-1957.pdf,/home/hatch/workspace/goals/paid-pdf-rewrite-queue-512-across-four-brands/files/re-wave/rebuilt/RE_chevrolet-corvette-1957.pdf,n/a,digital,1
RE-GD-CHEVROLET-CORVETTE-1958,guide,1958 Chevrolet Corvette Restoration Guide,1958 Chevrolet Corvette Restoration Guide. PDF download delivered at checkout.,n/a,RE_chevrolet-corvette-1958.pdf,/home/hatch/workspace/goals/paid-pdf-rewrite-queue-512-across-four-brands/files/re-wave/rebuilt/RE_chevrolet-corvette-1958.pdf,n/a,digital,1
RE-GD-CHEVROLET-CORVETTE-1959,guide,1959 Chevrolet Corvette Restoration Guide,1959 Chevrolet Corvette Restoration Guide. PDF download delivered at checkout.,n/a,RE_chevrolet-corvette-1959.pdf,/home/hatch/workspace/goals/paid-pdf-rewrite-queue-512-across-four-brands/files/re-wave/rebuilt/RE_chevrolet-corvette-1959.pdf,n/a,digital,1
RE-GD-CHEVROLET-CORVETTE-1960,guide,1960 Chevrolet Corvette Restoration Guide,1960 Chevrolet Corvette Restoration Guide. PDF download delivered at checkout.,n/a,RE_chevrolet-corvette-1960.pdf,/home/hatch/workspace/goals/paid-pdf-rewrite-queue-512-across-four-brands/files/re-wave/rebuilt/RE_chevrolet-corvette-1960.pdf,n/a,digital,1
RE-GD-CHEVROLET-CORVETTE-1961,guide,1961 Chevrolet Corvette Restoration Guide,1961 Chevrolet Corvette Restoration Guide. PDF download delivered at checkout.,n/a,RE_chevrolet-corvette-1961.pdf,/home/hatch/workspace/goals/paid-pdf-rewrite-queue-512-across-four-brands/files/re-wave/rebuilt/RE_chevrolet-corvette-1961.pdf,n/a,digital,1
RE-GD-CHEVROLET-CORVETTE-1962,guide,1962 Chevrolet Corvette Restoration Guide,1962 Chevrolet Corvette Restoration Guide. PDF download delivered at checkout.,n/a,RE_chevrolet-corvette-1962.pdf,/home/hatch/workspace/goals/paid-pdf-rewrite-queue-512-across-four-brands/files/re-wave/rebuilt/RE_chevrolet-corvette-1962.pdf,n/a,digital,1
RE-GD-CHEVROLET-CORVETTE-1963,guide,1963 Chevrolet Corvette Restoration Guide,1963 Chevrolet Corvette Restoration Guide. PDF download delivered at checkout.,n/a,RE_chevrolet-corvette-1963.pdf,/home/hatch/workspace/goals/paid-pdf-rewrite-queue-512-across-four-brands/files/re-wave/rebuilt/RE_chevrolet-corvette-1963.pdf,n/a,digital,1
RE-GD-CHEVROLET-CORVETTE-1964,guide,1964 Chevrolet Corvette Restoration Guide,1964 Chevrolet Corvette Restoration Guide. PDF download delivered at checkout.,n/a,RE_1964-chevrolet-corvette.pdf,/home/hatch/workspace/goals/paid-pdf-rewrite-queue-512-across-four-brands/files/re-wave/rebuilt/RE_1964-chevrolet-corvette.pdf,n/a,digital,1
RE-GD-CHEVROLET-CORVETTE-1965,guide,1965 Chevrolet Corvette Restoration Guide,1965 Chevrolet Corvette Restoration Guide. PDF download delivered at checkout.,n/a,RE_1965-chevrolet-corvette.pdf,/home/hatch/workspace/goals/paid-pdf-rewrite-queue-512-across-four-brands/files/re-wave/rebuilt/RE_1965-chevrolet-corvette.pdf,n/a,digital,1
RE-GD-CHEVROLET-CORVETTE-1966,guide,1966 Chevrolet Corvette Restoration Guide,1966 Chevrolet Corvette Restoration Guide. PDF download delivered at checkout.,n/a,RE_1966-chevrolet-corvette.pdf,/home/hatch/workspace/goals/paid-pdf-rewrite-queue-512-across-four-brands/files/re-wave/rebuilt/RE_1966-chevrolet-corvette.pdf,n/a,digital,1
RE-GD-CHEVROLET-CORVETTE-1967,guide,1967 Chevrolet Corvette Restoration Guide,1967 Chevrolet Corvette Restoration Guide. PDF download delivered at checkout.,n/a,RE_1967-chevrolet-corvette.pdf,/home/hatch/workspace/goals/paid-pdf-rewrite-queue-512-across-four-brands/files/re-wave/rebuilt/RE_1967-chevrolet-corvette.pdf,n/a,digital,1
RE-GD-CHEVROLET-CORVETTE-1968,guide,1968 Chevrolet Corvette Restoration Guide,1968 Chevrolet Corvette Restoration Guide. PDF download delivered at checkout.,n/a,RE_1968-chevrolet-corvette.pdf,/home/hatch/workspace/goals/paid-pdf-rewrite-queue-512-across-four-brands/files/re-wave/rebuilt/RE_1968-chevrolet-corvette.pdf,n/a,digital,1
RE-GD-CHEVROLET-CORVETTE-1969,guide,1969 Chevrolet Corvette Restoration Guide,1969 Chevrolet Corvette Restoration Guide. PDF download delivered at checkout.,n/a,RE_1969-chevrolet-corvette.pdf,/home/hatch/workspace/goals/paid-pdf-rewrite-queue-512-across-four-brands/files/re-wave/rebuilt/RE_1969-chevrolet-corvette.pdf,n/a,digital,1
RE-GD-CHEVROLET-CORVETTE-1970,guide,1970 Chevrolet Corvette Restoration Guide,1970 Chevrolet Corvette Restoration Guide. PDF download delivered at checkout.,n/a,RE_1970-chevrolet-corvette.pdf,/home/hatch/workspace/goals/paid-pdf-rewrite-queue-512-across-four-brands/files/re-wave/rebuilt/RE_1970-chevrolet-corvette.pdf,n/a,digital,1
RE-GD-CHEVROLET-CORVETTE-1971,guide,1971 Chevrolet Corvette Restoration Guide,1971 Chevrolet Corvette Restoration Guide. PDF download delivered at checkout.,n/a,RE_1971-chevrolet-corvette.pdf,/home/hatch/workspace/goals/paid-pdf-rewrite-queue-512-across-four-brands/files/re-wave/rebuilt/RE_1971-chevrolet-corvette.pdf,n/a,digital,1
RE-GD-CHEVROLET-CORVETTE-1972,guide,1972 Chevrolet Corvette Restoration Guide,1972 Chevrolet Corvette Restoration Guide. PDF download delivered at checkout.,n/a,RE_1972-chevrolet-corvette.pdf,/home/hatch/workspace/goals/paid-pdf-rewrite-queue-512-across-four-brands/files/re-wave/rebuilt/RE_1972-chevrolet-corvette.pdf,n/a,digital,1
RE-GD-CHEVROLET-CORVETTE-1973,guide,1973 Chevrolet Corvette Restoration Guide,1973 Chevrolet Corvette Restoration Guide. PDF download delivered at checkout.,n/a,RE_1973-chevrolet-corvette.pdf,/home/hatch/workspace/goals/paid-pdf-rewrite-queue-512-across-four-brands/files/re-wave/rebuilt/RE_1973-chevrolet-corvette.pdf,n/a,digital,1
RE-GD-CHEVROLET-EL-CAMINO-1964,guide,1964 Chevrolet El Camino Restoration Guide,1964 Chevrolet El Camino Restoration Guide. PDF download delivered at checkout.,n/a,RE_chevrolet-el-camino-1964.pdf,/home/hatch/workspace/goals/paid-pdf-rewrite-queue-512-across-four-brands/files/re-wave/rebuilt/RE_chevrolet-el-camino-1964.pdf,n/a,digital,1
RE-GD-CHEVROLET-EL-CAMINO-1965,guide,1965 Chevrolet El Camino Restoration Guide,1965 Chevrolet El Camino Restoration Guide. PDF download delivered at checkout.,n/a,RE_chevrolet-el-camino-1965.pdf,/home/hatch/workspace/goals/paid-pdf-rewrite-queue-512-across-four-brands/files/re-wave/rebuilt/RE_chevrolet-el-camino-1965.pdf,n/a,digital,1
RE-GD-CHEVROLET-EL-CAMINO-1966,guide,1966 Chevrolet El Camino Restoration Guide,1966 Chevrolet El Camino Restoration Guide. PDF download delivered at checkout.,n/a,RE_chevrolet-el-camino-1966.pdf,/home/hatch/workspace/goals/paid-pdf-rewrite-queue-512-across-four-brands/files/re-wave/rebuilt/RE_chevrolet-el-camino-1966.pdf,n/a,digital,1
RE-GD-CHEVROLET-EL-CAMINO-1967,guide,1967 Chevrolet El Camino Restoration Guide,1967 Chevrolet El Camino Restoration Guide. PDF download delivered at checkout.,n/a,RE_chevrolet-el-camino-1967.pdf,/home/hatch/workspace/goals/paid-pdf-rewrite-queue-512-across-four-brands/files/re-wave/rebuilt/RE_chevrolet-el-camino-1967.pdf,n/a,digital,1
RE-GD-CHEVROLET-EL-CAMINO-1968,guide,1968 Chevrolet El Camino Restoration Guide,1968 Chevrolet El Camino Restoration Guide. PDF download delivered at checkout.,n/a,RE_chevrolet-el-camino-1968.pdf,/home/hatch/workspace/goals/paid-pdf-rewrite-queue-512-across-four-brands/files/re-wave/rebuilt/RE_chevrolet-el-camino-1968.pdf,n/a,digital,1
RE-GD-CHEVROLET-EL-CAMINO-1969,guide,1969 Chevrolet El Camino Restoration Guide,1969 Chevrolet El Camino Restoration Guide. PDF download delivered at checkout.,n/a,RE_chevrolet-el-camino-1969.pdf,/home/hatch/workspace/goals/paid-pdf-rewrite-queue-512-across-four-brands/files/re-wave/rebuilt/RE_chevrolet-el-camino-1969.pdf,n/a,digital,1
RE-GD-CHEVROLET-EL-CAMINO-1970,guide,1970 Chevrolet El Camino Restoration Guide,1970 Chevrolet El Camino Restoration Guide. PDF download delivered at checkout.,n/a,RE_chevrolet-el-camino-1970.pdf,/home/hatch/workspace/goals/paid-pdf-rewrite-queue-512-across-four-brands/files/re-wave/rebuilt/RE_chevrolet-el-camino-1970.pdf,n/a,digital,1
RE-GD-CHEVROLET-EL-CAMINO-1971,guide,1971 Chevrolet El Camino Restoration Guide,1971 Chevrolet El Camino Restoration Guide. PDF download delivered at checkout.,n/a,RE_chevrolet-el-camino-1971.pdf,/home/hatch/workspace/goals/paid-pdf-rewrite-queue-512-across-four-brands/files/re-wave/rebuilt/RE_chevrolet-el-camino-1971.pdf,n/a,digital,1
RE-GD-CHEVROLET-EL-CAMINO-1972,guide,1972 Chevrolet El Camino Restoration Guide,1972 Chevrolet El Camino Restoration Guide. PDF download delivered at checkout.,n/a,RE_chevrolet-el-camino-1972.pdf,/home/hatch/workspace/goals/paid-pdf-rewrite-queue-512-across-four-brands/files/re-wave/rebuilt/RE_chevrolet-el-camino-1972.pdf,n/a,digital,1
RE-GD-CHEVROLET-IMPALA-1958,guide,1958 Chevrolet Impala Restoration Guide,1958 Chevrolet Impala Restoration Guide. PDF download delivered at checkout.,n/a,RE_1958-chevrolet-impala.pdf,/home/hatch/workspace/goals/paid-pdf-rewrite-queue-512-across-four-brands/files/re-wave/rebuilt/RE_1958-chevrolet-impala.pdf,n/a,digital,1
RE-GD-CHEVROLET-IMPALA-1959,guide,1959 Chevrolet Impala Restoration Guide,1959 Chevrolet Impala Restoration Guide. PDF download delivered at checkout.,n/a,RE_1959-chevrolet-impala.pdf,/home/hatch/workspace/goals/paid-pdf-rewrite-queue-512-across-four-brands/files/re-wave/rebuilt/RE_1959-chevrolet-impala.pdf,n/a,digital,1
RE-GD-CHEVROLET-IMPALA-1960,guide,1960 Chevrolet Impala Restoration Guide,1960 Chevrolet Impala Restoration Guide. PDF download delivered at checkout.,n/a,RE_1960-chevrolet-impala.pdf,/home/hatch/workspace/goals/paid-pdf-rewrite-queue-512-across-four-brands/files/re-wave/rebuilt/RE_1960-chevrolet-impala.pdf,n/a,digital,1
RE-GD-CHEVROLET-IMPALA-1961,guide,1961 Chevrolet Impala Restoration Guide,1961 Chevrolet Impala Restoration Guide. PDF download delivered at checkout.,n/a,RE_1961-chevrolet-impala.pdf,/home/hatch/workspace/goals/paid-pdf-rewrite-queue-512-across-four-brands/files/re-wave/rebuilt/RE_1961-chevrolet-impala.pdf,n/a,digital,1
RE-GD-CHEVROLET-IMPALA-1962,guide,1962 Chevrolet Impala Restoration Guide,1962 Chevrolet Impala Restoration Guide. PDF download delivered at checkout.,n/a,RE_1962-chevrolet-impala.pdf,/home/hatch/workspace/goals/paid-pdf-rewrite-queue-512-across-four-brands/files/re-wave/rebuilt/RE_1962-chevrolet-impala.pdf,n/a,digital,1
RE-GD-CHEVROLET-IMPALA-1963,guide,1963 Chevrolet Impala Restoration Guide,1963 Chevrolet Impala Restoration Guide. PDF download delivered at checkout.,n/a,RE_1963-chevrolet-impala.pdf,/home/hatch/workspace/goals/paid-pdf-rewrite-queue-512-across-four-brands/files/re-wave/rebuilt/RE_1963-chevrolet-impala.pdf,n/a,digital,1
RE-GD-CHEVROLET-IMPALA-1964,guide,1964 Chevrolet Impala Restoration Guide,1964 Chevrolet Impala Restoration Guide. PDF download delivered at checkout.,n/a,RE_1964-chevrolet-impala.pdf,/home/hatch/workspace/goals/paid-pdf-rewrite-queue-512-across-four-brands/files/re-wave/rebuilt/RE_1964-chevrolet-impala.pdf,n/a,digital,1
RE-GD-CHEVROLET-IMPALA-1965,guide,1965 Chevrolet Impala Restoration Guide,1965 Chevrolet Impala Restoration Guide. PDF download delivered at checkout.,n/a,RE_1965-chevrolet-impala.pdf,/home/hatch/workspace/goals/paid-pdf-rewrite-queue-512-across-four-brands/files/re-wave/rebuilt/RE_1965-chevrolet-impala.pdf,n/a,digital,1
RE-GD-CHEVROLET-IMPALA-1966,guide,1966 Chevrolet Impala Restoration Guide,1966 Chevrolet Impala Restoration Guide. PDF download delivered at checkout.,n/a,RE_1966-chevrolet-impala.pdf,/home/hatch/workspace/goals/paid-pdf-rewrite-queue-512-across-four-brands/files/re-wave/rebuilt/RE_1966-chevrolet-impala.pdf,n/a,digital,1
RE-GD-CHEVROLET-IMPALA-1967,guide,1967 Chevrolet Impala Restoration Guide,1967 Chevrolet Impala Restoration Guide. PDF download delivered at checkout.,n/a,RE_1967-chevrolet-impala.pdf,/home/hatch/workspace/goals/paid-pdf-rewrite-queue-512-across-four-brands/files/re-wave/rebuilt/RE_1967-chevrolet-impala.pdf,n/a,digital,1
RE-GD-CHEVROLET-IMPALA-1968,guide,1968 Chevrolet Impala Restoration Guide,1968 Chevrolet Impala Restoration Guide. PDF download delivered at checkout.,n/a,RE_1968-chevrolet-impala.pdf,/home/hatch/workspace/goals/paid-pdf-rewrite-queue-512-across-four-brands/files/re-wave/rebuilt/RE_1968-chevrolet-impala.pdf,n/a,digital,1
RE-GD-CHEVROLET-IMPALA-1969,guide,1969 Chevrolet Impala Restoration Guide,1969 Chevrolet Impala Restoration Guide. PDF download delivered at checkout.,n/a,RE_1969-chevrolet-impala.pdf,/home/hatch/workspace/goals/paid-pdf-rewrite-queue-512-across-four-brands/files/re-wave/rebuilt/RE_1969-chevrolet-impala.pdf,n/a,digital,1
RE-GD-CHEVROLET-IMPALA-1970,guide,1970 Chevrolet Impala Restoration Guide,1970 Chevrolet Impala Restoration Guide. PDF download delivered at checkout.,n/a,RE_1970-chevrolet-impala.pdf,/home/hatch/workspace/goals/paid-pdf-rewrite-queue-512-across-four-brands/files/re-wave/rebuilt/RE_1970-chevrolet-impala.pdf,n/a,digital,1
RE-GD-CHEVROLET-IMPALA-1971,guide,1971 Chevrolet Impala Restoration Guide,1971 Chevrolet Impala Restoration Guide. PDF download delivered at checkout.,n/a,RE_1971-chevrolet-impala.pdf,/home/hatch/workspace/goals/paid-pdf-rewrite-queue-512-across-four-brands/files/re-wave/rebuilt/RE_1971-chevrolet-impala.pdf,n/a,digital,1
RE-GD-CHEVROLET-IMPALA-1972,guide,1972 Chevrolet Impala Restoration Guide,1972 Chevrolet Impala Restoration Guide. PDF download delivered at checkout.,n/a,RE_1972-chevrolet-impala.pdf,/home/hatch/workspace/goals/paid-pdf-rewrite-queue-512-across-four-brands/files/re-wave/rebuilt/RE_1972-chevrolet-impala.pdf,n/a,digital,1
RE-GD-CHEVROLET-IMPALA-1973,guide,1973 Chevrolet Impala Restoration Guide,1973 Chevrolet Impala Restoration Guide. PDF download delivered at checkout.,n/a,RE_1973-chevrolet-impala.pdf,/home/hatch/workspace/goals/paid-pdf-rewrite-queue-512-across-four-brands/files/re-wave/rebuilt/RE_1973-chevrolet-impala.pdf,n/a,digital,1
RE-GD-CHEVROLET-IMPALA-SS-1961,guide,1961 Chevrolet Impala SS Restoration Guide,1961 Chevrolet Impala SS Restoration Guide. PDF download delivered at checkout.,n/a,RE_chevrolet-impala-ss-1961.pdf,/home/hatch/workspace/goals/paid-pdf-rewrite-queue-512-across-four-brands/files/re-wave/rebuilt/RE_chevrolet-impala-ss-1961.pdf,n/a,digital,1
RE-GD-CHEVROLET-IMPALA-SS-1962,guide,1962 Chevrolet Impala SS Restoration Guide,1962 Chevrolet Impala SS Restoration Guide. PDF download delivered at checkout.,n/a,RE_chevrolet-impala-ss-1962.pdf,/home/hatch/workspace/goals/paid-pdf-rewrite-queue-512-across-four-brands/files/re-wave/rebuilt/RE_chevrolet-impala-ss-1962.pdf,n/a,digital,1
RE-GD-CHEVROLET-IMPALA-SS-1963,guide,1963 Chevrolet Impala SS Restoration Guide,1963 Chevrolet Impala SS Restoration Guide. PDF download delivered at checkout.,n/a,RE_chevrolet-impala-ss-1963.pdf,/home/hatch/workspace/goals/paid-pdf-rewrite-queue-512-across-four-brands/files/re-wave/rebuilt/RE_chevrolet-impala-ss-1963.pdf,n/a,digital,1
RE-GD-CHEVROLET-IMPALA-SS-1964,guide,1964 Chevrolet Impala SS Restoration Guide,1964 Chevrolet Impala SS Restoration Guide. PDF download delivered at checkout.,n/a,RE_chevrolet-impala-ss-1964.pdf,/home/hatch/workspace/goals/paid-pdf-rewrite-queue-512-across-four-brands/files/re-wave/rebuilt/RE_chevrolet-impala-ss-1964.pdf,n/a,digital,1
RE-GD-CHEVROLET-IMPALA-SS-1965,guide,1965 Chevrolet Impala SS Restoration Guide,1965 Chevrolet Impala SS Restoration Guide. PDF download delivered at checkout.,n/a,RE_chevrolet-impala-ss-1965.pdf,/home/hatch/workspace/goals/paid-pdf-rewrite-queue-512-across-four-brands/files/re-wave/rebuilt/RE_chevrolet-impala-ss-1965.pdf,n/a,digital,1
RE-GD-CHEVROLET-IMPALA-SS-1966,guide,1966 Chevrolet Impala SS Restoration Guide,1966 Chevrolet Impala SS Restoration Guide. PDF download delivered at checkout.,n/a,RE_chevrolet-impala-ss-1966.pdf,/home/hatch/workspace/goals/paid-pdf-rewrite-queue-512-across-four-brands/files/re-wave/rebuilt/RE_chevrolet-impala-ss-1966.pdf,n/a,digital,1
RE-GD-CHEVROLET-IMPALA-SS-1967,guide,1967 Chevrolet Impala SS Restoration Guide,1967 Chevrolet Impala SS Restoration Guide. PDF download delivered at checkout.,n/a,RE_chevrolet-impala-ss-1967.pdf,/home/hatch/workspace/goals/paid-pdf-rewrite-queue-512-across-four-brands/files/re-wave/rebuilt/RE_chevrolet-impala-ss-1967.pdf,n/a,digital,1
RE-GD-CHEVROLET-IMPALA-SS-1968,guide,1968 Chevrolet Impala SS Restoration Guide,1968 Chevrolet Impala SS Restoration Guide. PDF download delivered at checkout.,n/a,RE_chevrolet-impala-ss-1968.pdf,/home/hatch/workspace/goals/paid-pdf-rewrite-queue-512-across-four-brands/files/re-wave/rebuilt/RE_chevrolet-impala-ss-1968.pdf,n/a,digital,1
RE-GD-CHEVROLET-IMPALA-SS-1969,guide,1969 Chevrolet Impala SS Restoration Guide,1969 Chevrolet Impala SS Restoration Guide. PDF download delivered at checkout.,n/a,RE_chevrolet-impala-ss-1969.pdf,/home/hatch/workspace/goals/paid-pdf-rewrite-queue-512-across-four-brands/files/re-wave/rebuilt/RE_chevrolet-impala-ss-1969.pdf,n/a,digital,1
RE-GD-CHEVROLET-MONTE-CARLO-1970,guide,1970 Chevrolet Monte Carlo Restoration Guide,1970 Chevrolet Monte Carlo Restoration Guide. PDF download delivered at checkout.,n/a,RE_chevrolet-monte-carlo-1970.pdf,/home/hatch/workspace/goals/paid-pdf-rewrite-queue-512-across-four-brands/files/re-wave/rebuilt/RE_chevrolet-monte-carlo-1970.pdf,n/a,digital,1
RE-GD-CHEVROLET-MONTE-CARLO-1971,guide,1971 Chevrolet Monte Carlo Restoration Guide,1971 Chevrolet Monte Carlo Restoration Guide. PDF download delivered at checkout.,n/a,RE_chevrolet-monte-carlo-1971.pdf,/home/hatch/workspace/goals/paid-pdf-rewrite-queue-512-across-four-brands/files/re-wave/rebuilt/RE_chevrolet-monte-carlo-1971.pdf,n/a,digital,1
RE-GD-CHEVROLET-MONTE-CARLO-1972,guide,1972 Chevrolet Monte Carlo Restoration Guide,1972 Chevrolet Monte Carlo Restoration Guide. PDF download delivered at checkout.,n/a,RE_chevrolet-monte-carlo-1972.pdf,/home/hatch/workspace/goals/paid-pdf-rewrite-queue-512-across-four-brands/files/re-wave/rebuilt/RE_chevrolet-monte-carlo-1972.pdf,n/a,digital,1
RE-GD-CHEVROLET-MONTE-CARLO-1973,guide,1973 Chevrolet Monte Carlo Restoration Guide,1973 Chevrolet Monte Carlo Restoration Guide. PDF download delivered at checkout.,n/a,RE_chevrolet-monte-carlo-1973.pdf,/home/hatch/workspace/goals/paid-pdf-rewrite-queue-512-across-four-brands/files/re-wave/rebuilt/RE_chevrolet-monte-carlo-1973.pdf,n/a,digital,1
RE-GD-CHEVROLET-NOVA-1962,guide,1962 Chevrolet Nova Restoration Guide,1962 Chevrolet Nova Restoration Guide. PDF download delivered at checkout.,n/a,RE_chevrolet-nova-1962.pdf,/home/hatch/workspace/goals/paid-pdf-rewrite-queue-512-across-four-brands/files/re-wave/rebuilt/RE_chevrolet-nova-1962.pdf,n/a,digital,1
RE-GD-CHEVROLET-NOVA-1963,guide,1963 Chevrolet Nova Restoration Guide,1963 Chevrolet Nova Restoration Guide. PDF download delivered at checkout.,n/a,RE_chevrolet-nova-1963.pdf,/home/hatch/workspace/goals/paid-pdf-rewrite-queue-512-across-four-brands/files/re-wave/rebuilt/RE_chevrolet-nova-1963.pdf,n/a,digital,1
RE-GD-CHEVROLET-NOVA-1964,guide,1964 Chevrolet Nova Restoration Guide,1964 Chevrolet Nova Restoration Guide. PDF download delivered at checkout.,n/a,RE_chevrolet-nova-1964.pdf,/home/hatch/workspace/goals/paid-pdf-rewrite-queue-512-across-four-brands/files/re-wave/rebuilt/RE_chevrolet-nova-1964.pdf,n/a,digital,1
RE-GD-CHEVROLET-NOVA-1965,guide,1965 Chevrolet Nova Restoration Guide,1965 Chevrolet Nova Restoration Guide. PDF download delivered at checkout.,n/a,RE_chevrolet-nova-1965.pdf,/home/hatch/workspace/goals/paid-pdf-rewrite-queue-512-across-four-brands/files/re-wave/rebuilt/RE_chevrolet-nova-1965.pdf,n/a,digital,1
RE-GD-CHEVROLET-NOVA-1966,guide,1966 Chevrolet Nova Restoration Guide,1966 Chevrolet Nova Restoration Guide. PDF download delivered at checkout.,n/a,RE_chevrolet-nova-1966.pdf,/home/hatch/workspace/goals/paid-pdf-rewrite-queue-512-across-four-brands/files/re-wave/rebuilt/RE_chevrolet-nova-1966.pdf,n/a,digital,1
RE-GD-CHEVROLET-NOVA-1967,guide,1967 Chevrolet Nova Restoration Guide,1967 Chevrolet Nova Restoration Guide. PDF download delivered at checkout.,n/a,RE_chevrolet-nova-1967.pdf,/home/hatch/workspace/goals/paid-pdf-rewrite-queue-512-across-four-brands/files/re-wave/rebuilt/RE_chevrolet-nova-1967.pdf,n/a,digital,1
RE-GD-CHEVROLET-NOVA-1968,guide,1968 Chevrolet Nova Restoration Guide,1968 Chevrolet Nova Restoration Guide. PDF download delivered at checkout.,n/a,RE_chevrolet-nova-1968.pdf,/home/hatch/workspace/goals/paid-pdf-rewrite-queue-512-across-four-brands/files/re-wave/rebuilt/RE_chevrolet-nova-1968.pdf,n/a,digital,1
RE-GD-CHEVROLET-NOVA-1969,guide,1969 Chevrolet Nova Restoration Guide,1969 Chevrolet Nova Restoration Guide. PDF download delivered at checkout.,n/a,RE_chevrolet-nova-1969.pdf,/home/hatch/workspace/goals/paid-pdf-rewrite-queue-512-across-four-brands/files/re-wave/rebuilt/RE_chevrolet-nova-1969.pdf,n/a,digital,1
RE-GD-CHEVROLET-NOVA-1970,guide,1970 Chevrolet Nova Restoration Guide,1970 Chevrolet Nova Restoration Guide. PDF download delivered at checkout.,n/a,RE_chevrolet-nova-1970.pdf,/home/hatch/workspace/goals/paid-pdf-rewrite-queue-512-across-four-brands/files/re-wave/rebuilt/RE_chevrolet-nova-1970.pdf,n/a,digital,1
RE-GD-CHEVROLET-NOVA-1971,guide,1971 Chevrolet Nova Restoration Guide,1971 Chevrolet Nova Restoration Guide. PDF download delivered at checkout.,n/a,RE_chevrolet-nova-1971.pdf,/home/hatch/workspace/goals/paid-pdf-rewrite-queue-512-across-four-brands/files/re-wave/rebuilt/RE_chevrolet-nova-1971.pdf,n/a,digital,1
RE-GD-CHEVROLET-NOVA-1972,guide,1972 Chevrolet Nova Restoration Guide,1972 Chevrolet Nova Restoration Guide. PDF download delivered at checkout.,n/a,RE_chevrolet-nova-1972.pdf,/home/hatch/workspace/goals/paid-pdf-rewrite-queue-512-across-four-brands/files/re-wave/rebuilt/RE_chevrolet-nova-1972.pdf,n/a,digital,1
RE-GD-CHEVROLET-NOVA-1973,guide,1973 Chevrolet Nova Restoration Guide,1973 Chevrolet Nova Restoration Guide. PDF download delivered at checkout.,n/a,RE_chevrolet-nova-1973.pdf,/home/hatch/workspace/goals/paid-pdf-rewrite-queue-512-across-four-brands/files/re-wave/rebuilt/RE_chevrolet-nova-1973.pdf,n/a,digital,1
RE-GD-CHRYSLER-300,guide,Chrysler 300,Chrysler 300. PDF download delivered at checkout.,n/a,RE_chrysler-300-1970.pdf,/home/hatch/workspace/goals/paid-pdf-rewrite-queue-512-across-four-brands/files/re-wave/finished/RE_chrysler-300-1970.pdf,n/a,digital,1
RE-GD-DODGE-CORONET-RT-1967,guide,Dodge Coronet Rt 1967,Dodge Coronet Rt 1967. PDF download delivered at checkout.,n/a,RE_1967-dodge-coronet-rt.pdf,/home/hatch/workspace/goals/paid-pdf-rewrite-queue-512-across-four-brands/files/re-wave/rebuilt/RE_1967-dodge-coronet-rt.pdf,n/a,digital,1
RE-GD-DODGE-CORONET-RT-1968,guide,Dodge Coronet Rt 1968,Dodge Coronet Rt 1968. PDF download delivered at checkout.,n/a,RE_1968-dodge-coronet-rt.pdf,/home/hatch/workspace/goals/paid-pdf-rewrite-queue-512-across-four-brands/files/re-wave/rebuilt/RE_1968-dodge-coronet-rt.pdf,n/a,digital,1
RE-GD-DODGE-CORONET-RT-1969,guide,Dodge Coronet Rt 1969,Dodge Coronet Rt 1969. PDF download delivered at checkout.,n/a,RE_1969-dodge-coronet-rt.pdf,/home/hatch/workspace/goals/paid-pdf-rewrite-queue-512-across-four-brands/files/re-wave/rebuilt/RE_1969-dodge-coronet-rt.pdf,n/a,digital,1
RE-GD-DODGE-CORONET-RT-1970,guide,Dodge Coronet Rt 1970,Dodge Coronet Rt 1970. PDF download delivered at checkout.,n/a,RE_1970-dodge-coronet-rt.pdf,/home/hatch/workspace/goals/paid-pdf-rewrite-queue-512-across-four-brands/files/re-wave/rebuilt/RE_1970-dodge-coronet-rt.pdf,n/a,digital,1
RE-GD-DODGE-DEMON-340-1971,guide,1971 Dodge Demon 340 Restoration Guide,1971 Dodge Demon 340 Restoration Guide. PDF download delivered at checkout.,n/a,RE_1971-dodge-demon-340.pdf,/home/hatch/workspace/goals/paid-pdf-rewrite-queue-512-across-four-brands/files/re-wave/rebuilt/RE_1971-dodge-demon-340.pdf,n/a,digital,1
RE-GD-DODGE-DEMON-340-1972,guide,1972 Dodge Demon 340 Restoration Guide,1972 Dodge Demon 340 Restoration Guide. PDF download delivered at checkout.,n/a,RE_1972-dodge-demon-340.pdf,/home/hatch/workspace/goals/paid-pdf-rewrite-queue-512-across-four-brands/files/re-wave/rebuilt/RE_1972-dodge-demon-340.pdf,n/a,digital,1
RE-GD-DODGE-SUPER-BEE-1968,guide,1968 Dodge Super Bee Restoration Guide,1968 Dodge Super Bee Restoration Guide. PDF download delivered at checkout.,n/a,RE_1968-dodge-super-bee.pdf,/home/hatch/workspace/goals/paid-pdf-rewrite-queue-512-across-four-brands/files/re-wave/rebuilt/RE_1968-dodge-super-bee.pdf,n/a,digital,1
RE-GD-DODGE-SUPER-BEE-1969,guide,1969 Dodge Super Bee Restoration Guide,1969 Dodge Super Bee Restoration Guide. PDF download delivered at checkout.,n/a,RE_1969-dodge-super-bee.pdf,/home/hatch/workspace/goals/paid-pdf-rewrite-queue-512-across-four-brands/files/re-wave/rebuilt/RE_1969-dodge-super-bee.pdf,n/a,digital,1
RE-GD-DODGE-SUPER-BEE-1970,guide,1970 Dodge Super Bee Restoration Guide,1970 Dodge Super Bee Restoration Guide. PDF download delivered at checkout.,n/a,RE_1970-dodge-super-bee.pdf,/home/hatch/workspace/goals/paid-pdf-rewrite-queue-512-across-four-brands/files/re-wave/rebuilt/RE_1970-dodge-super-bee.pdf,n/a,digital,1
RE-GD-DODGE-SUPER-BEE-1971,guide,1971 Dodge Super Bee Restoration Guide,1971 Dodge Super Bee Restoration Guide. PDF download delivered at checkout.,n/a,RE_1971-dodge-super-bee.pdf,/home/hatch/workspace/goals/paid-pdf-rewrite-queue-512-across-four-brands/files/re-wave/rebuilt/RE_1971-dodge-super-bee.pdf,n/a,digital,1
RE-GD-FORD-BRONCO-DRIVETRAIN-4X4-SYSTEMS-1966-1977,guide,Ford Bronco Drivetrain 4x4 Systems 1966 1977,Ford Bronco Drivetrain 4x4 Systems 1966 1977. PDF download delivered at checkout.,n/a,,,n/a,digital,0
RE-GD-FORD-BRONCO-RESTORATION-GUIDE-1966-1977,guide,Ford Bronco Restoration Guide 1966 1977,Ford Bronco Restoration Guide 1966 1977. PDF download delivered at checkout.,n/a,,,n/a,digital,0
RE-GD-FORD-F-SERIES-RESTORATION-GUIDE-1967-1972-BUMPSIDE,guide,Ford F Series Restoration Guide 1967 1972 Bumpside,Ford F Series Restoration Guide 1967 1972 Bumpside. PDF download delivered at checkout.,n/a,,,n/a,digital,0
RE-GD-FORD-F-SERIES-RESTORATION-GUIDE-1973-1979-DENTSIDE,guide,Ford F Series Restoration Guide 1973 1979 Dentside,Ford F Series Restoration Guide 1973 1979 Dentside. PDF download delivered at checkout.,n/a,,,n/a,digital,0
RE-GD-FORD-FAIRLANE-1962,guide,1962 Ford Fairlane Restoration Guide,1962 Ford Fairlane Restoration Guide. PDF download delivered at checkout.,n/a,RE_1962-ford-fairlane.pdf,/home/hatch/workspace/goals/paid-pdf-rewrite-queue-512-across-four-brands/files/re-wave/rebuilt/RE_1962-ford-fairlane.pdf,n/a,digital,1
RE-GD-FORD-FAIRLANE-1963,guide,1963 Ford Fairlane Restoration Guide,1963 Ford Fairlane Restoration Guide. PDF download delivered at checkout.,n/a,RE_1963-ford-fairlane.pdf,/home/hatch/workspace/goals/paid-pdf-rewrite-queue-512-across-four-brands/files/re-wave/rebuilt/RE_1963-ford-fairlane.pdf,n/a,digital,1
RE-GD-FORD-FAIRLANE-1964,guide,1964 Ford Fairlane Restoration Guide,1964 Ford Fairlane Restoration Guide. PDF download delivered at checkout.,n/a,RE_1964-ford-fairlane.pdf,/home/hatch/workspace/goals/paid-pdf-rewrite-queue-512-across-four-brands/files/re-wave/rebuilt/RE_1964-ford-fairlane.pdf,n/a,digital,1
RE-GD-FORD-FAIRLANE-1965,guide,1965 Ford Fairlane Restoration Guide,1965 Ford Fairlane Restoration Guide. PDF download delivered at checkout.,n/a,RE_1965-ford-fairlane.pdf,/home/hatch/workspace/goals/paid-pdf-rewrite-queue-512-across-four-brands/files/re-wave/rebuilt/RE_1965-ford-fairlane.pdf,n/a,digital,1
RE-GD-FORD-FAIRLANE-1966,guide,1966 Ford Fairlane Restoration Guide,1966 Ford Fairlane Restoration Guide. PDF download delivered at checkout.,n/a,RE_1966-ford-fairlane.pdf,/home/hatch/workspace/goals/paid-pdf-rewrite-queue-512-across-four-brands/files/re-wave/rebuilt/RE_1966-ford-fairlane.pdf,n/a,digital,1
RE-GD-FORD-FAIRLANE-1967,guide,1967 Ford Fairlane Restoration Guide,1967 Ford Fairlane Restoration Guide. PDF download delivered at checkout.,n/a,RE_1967-ford-fairlane.pdf,/home/hatch/workspace/goals/paid-pdf-rewrite-queue-512-across-four-brands/files/re-wave/rebuilt/RE_1967-ford-fairlane.pdf,n/a,digital,1
RE-GD-FORD-FAIRLANE-1968,guide,1968 Ford Fairlane Restoration Guide,1968 Ford Fairlane Restoration Guide. PDF download delivered at checkout.,n/a,RE_1968-ford-fairlane.pdf,/home/hatch/workspace/goals/paid-pdf-rewrite-queue-512-across-four-brands/files/re-wave/rebuilt/RE_1968-ford-fairlane.pdf,n/a,digital,1
RE-GD-FORD-FAIRLANE-1969,guide,1969 Ford Fairlane Restoration Guide,1969 Ford Fairlane Restoration Guide. PDF download delivered at checkout.,n/a,RE_1969-ford-fairlane.pdf,/home/hatch/workspace/goals/paid-pdf-rewrite-queue-512-across-four-brands/files/re-wave/rebuilt/RE_1969-ford-fairlane.pdf,n/a,digital,1
RE-GD-FORD-FAIRLANE-1970,guide,1970 Ford Fairlane Restoration Guide,1970 Ford Fairlane Restoration Guide. PDF download delivered at checkout.,n/a,RE_1970-ford-fairlane.pdf,/home/hatch/workspace/goals/paid-pdf-rewrite-queue-512-across-four-brands/files/re-wave/rebuilt/RE_1970-ford-fairlane.pdf,n/a,digital,1
RE-GD-FORD-FALCON-SPRINT-1963-HALF,guide,Ford Falcon Sprint 1963 Half,Ford Falcon Sprint 1963 Half. PDF download delivered at checkout.,n/a,,,n/a,digital,0
RE-GD-FORD-FALCON-SPRINT-1964,guide,1964 Ford Falcon Sprint Restoration Guide,1964 Ford Falcon Sprint Restoration Guide. PDF download delivered at checkout.,n/a,,,n/a,digital,0
RE-GD-FORD-FALCON-SPRINT-1965,guide,1965 Ford Falcon Sprint Restoration Guide,1965 Ford Falcon Sprint Restoration Guide. PDF download delivered at checkout.,n/a,,,n/a,digital,0
RE-GD-FORD-GALAXIE-1959,guide,1959 Ford Galaxie Restoration Guide,1959 Ford Galaxie Restoration Guide. PDF download delivered at checkout.,n/a,RE_ford-galaxie-1959.pdf,/home/hatch/workspace/goals/paid-pdf-rewrite-queue-512-across-four-brands/files/re-wave/rebuilt/RE_ford-galaxie-1959.pdf,n/a,digital,1
RE-GD-FORD-GALAXIE-1960,guide,1960 Ford Galaxie Restoration Guide,1960 Ford Galaxie Restoration Guide. PDF download delivered at checkout.,n/a,RE_ford-galaxie-1960.pdf,/home/hatch/workspace/goals/paid-pdf-rewrite-queue-512-across-four-brands/files/re-wave/rebuilt/RE_ford-galaxie-1960.pdf,n/a,digital,1
RE-GD-FORD-GALAXIE-1961,guide,1961 Ford Galaxie Restoration Guide,1961 Ford Galaxie Restoration Guide. PDF download delivered at checkout.,n/a,RE_ford-galaxie-1961.pdf,/home/hatch/workspace/goals/paid-pdf-rewrite-queue-512-across-four-brands/files/re-wave/rebuilt/RE_ford-galaxie-1961.pdf,n/a,digital,1
RE-GD-FORD-GALAXIE-1962,guide,1962 Ford Galaxie Restoration Guide,1962 Ford Galaxie Restoration Guide. PDF download delivered at checkout.,n/a,RE_ford-galaxie-1962.pdf,/home/hatch/workspace/goals/paid-pdf-rewrite-queue-512-across-four-brands/files/re-wave/rebuilt/RE_ford-galaxie-1962.pdf,n/a,digital,1
RE-GD-FORD-GALAXIE-1963,guide,1963 Ford Galaxie Restoration Guide,1963 Ford Galaxie Restoration Guide. PDF download delivered at checkout.,n/a,RE_ford-galaxie-1963.pdf,/home/hatch/workspace/goals/paid-pdf-rewrite-queue-512-across-four-brands/files/re-wave/rebuilt/RE_ford-galaxie-1963.pdf,n/a,digital,1
RE-GD-FORD-GALAXIE-1963-HALF,guide,Ford Galaxie 1963 Half,Ford Galaxie 1963 Half. PDF download delivered at checkout.,n/a,RE_ford-galaxie-1963-half.pdf,/home/hatch/workspace/goals/paid-pdf-rewrite-queue-512-across-four-brands/files/re-wave/rebuilt/RE_ford-galaxie-1963-half.pdf,n/a,digital,1
RE-GD-FORD-GALAXIE-1964,guide,1964 Ford Galaxie Restoration Guide,1964 Ford Galaxie Restoration Guide. PDF download delivered at checkout.,n/a,RE_ford-galaxie-1964.pdf,/home/hatch/workspace/goals/paid-pdf-rewrite-queue-512-across-four-brands/files/re-wave/rebuilt/RE_ford-galaxie-1964.pdf,n/a,digital,1
RE-GD-FORD-GALAXIE-1965,guide,1965 Ford Galaxie Restoration Guide,1965 Ford Galaxie Restoration Guide. PDF download delivered at checkout.,n/a,RE_ford-galaxie-1965.pdf,/home/hatch/workspace/goals/paid-pdf-rewrite-queue-512-across-four-brands/files/re-wave/rebuilt/RE_ford-galaxie-1965.pdf,n/a,digital,1
RE-GD-FORD-GALAXIE-1966,guide,1966 Ford Galaxie Restoration Guide,1966 Ford Galaxie Restoration Guide. PDF download delivered at checkout.,n/a,RE_ford-galaxie-1966.pdf,/home/hatch/workspace/goals/paid-pdf-rewrite-queue-512-across-four-brands/files/re-wave/rebuilt/RE_ford-galaxie-1966.pdf,n/a,digital,1
RE-GD-FORD-GALAXIE-1967,guide,1967 Ford Galaxie Restoration Guide,1967 Ford Galaxie Restoration Guide. PDF download delivered at checkout.,n/a,RE_ford-galaxie-1967.pdf,/home/hatch/workspace/goals/paid-pdf-rewrite-queue-512-across-four-brands/files/re-wave/rebuilt/RE_ford-galaxie-1967.pdf,n/a,digital,1
RE-GD-FORD-GALAXIE-1969,guide,1969 Ford Galaxie Restoration Guide,1969 Ford Galaxie Restoration Guide. PDF download delivered at checkout.,n/a,RE_ford-galaxie-1969.pdf,/home/hatch/workspace/goals/paid-pdf-rewrite-queue-512-across-four-brands/files/re-wave/rebuilt/RE_ford-galaxie-1969.pdf,n/a,digital,1
RE-GD-FORD-GALAXIE-1970,guide,1970 Ford Galaxie Restoration Guide,1970 Ford Galaxie Restoration Guide. PDF download delivered at checkout.,n/a,RE_ford-galaxie-1970.pdf,/home/hatch/workspace/goals/paid-pdf-rewrite-queue-512-across-four-brands/files/re-wave/rebuilt/RE_ford-galaxie-1970.pdf,n/a,digital,1
RE-GD-FORD-GALAXIE-1971,guide,1971 Ford Galaxie Restoration Guide,1971 Ford Galaxie Restoration Guide. PDF download delivered at checkout.,n/a,RE_ford-galaxie-1971.pdf,/home/hatch/workspace/goals/paid-pdf-rewrite-queue-512-across-four-brands/files/re-wave/rebuilt/RE_ford-galaxie-1971.pdf,n/a,digital,1
RE-GD-FORD-GALAXIE-1972,guide,1972 Ford Galaxie Restoration Guide,1972 Ford Galaxie Restoration Guide. PDF download delivered at checkout.,n/a,RE_ford-galaxie-1972.pdf,/home/hatch/workspace/goals/paid-pdf-rewrite-queue-512-across-four-brands/files/re-wave/rebuilt/RE_ford-galaxie-1972.pdf,n/a,digital,1
RE-GD-FORD-GALAXIE-1973,guide,1973 Ford Galaxie Restoration Guide,1973 Ford Galaxie Restoration Guide. PDF download delivered at checkout.,n/a,RE_ford-galaxie-1973.pdf,/home/hatch/workspace/goals/paid-pdf-rewrite-queue-512-across-four-brands/files/re-wave/rebuilt/RE_ford-galaxie-1973.pdf,n/a,digital,1
RE-GD-FORD-MUSTANG-1964,guide,1964 Ford Mustang Restoration Guide,1964 Ford Mustang Restoration Guide. PDF download delivered at checkout.,n/a,RE_ford-mustang-1964.pdf,/home/hatch/workspace/goals/launch-my-five-brands-on-facebook/files/re-guide-rebuild/wave-1/RE_ford-mustang-1964.pdf,n/a,digital,1
RE-GD-FORD-MUSTANG-1965,guide,1965 Ford Mustang Restoration Guide,1965 Ford Mustang Restoration Guide. PDF download delivered at checkout.,n/a,RE_1965-ford-mustang.pdf,/home/hatch/workspace/goals/launch-my-five-brands-on-facebook/files/re-guide-rebuild/wave-1/RE_1965-ford-mustang.pdf,n/a,digital,1
RE-GD-FORD-MUSTANG-1966,guide,1966 Ford Mustang Restoration Guide,1966 Ford Mustang Restoration Guide. PDF download delivered at checkout.,n/a,RE_ford-mustang-1966.pdf,/home/hatch/workspace/goals/launch-my-five-brands-on-facebook/files/re-guide-rebuild/wave-1/RE_ford-mustang-1966.pdf,n/a,digital,1
RE-GD-FORD-MUSTANG-1967,guide,1967 Ford Mustang Restoration Guide,1967 Ford Mustang Restoration Guide. PDF download delivered at checkout.,n/a,RE_ford-mustang-1967.pdf,/home/hatch/workspace/goals/launch-my-five-brands-on-facebook/files/re-guide-rebuild/wave-1/RE_ford-mustang-1967.pdf,n/a,digital,1
RE-GD-FORD-MUSTANG-1968,guide,1968 Ford Mustang Restoration Guide,1968 Ford Mustang Restoration Guide. PDF download delivered at checkout.,n/a,RE_ford-mustang-1968.pdf,/home/hatch/workspace/goals/launch-my-five-brands-on-facebook/files/re-guide-rebuild/wave-1/RE_ford-mustang-1968.pdf,n/a,digital,1
RE-GD-FORD-MUSTANG-1969,guide,1969 Ford Mustang Restoration Guide,1969 Ford Mustang Restoration Guide. PDF download delivered at checkout.,n/a,RE_ford-mustang-1969.pdf,/home/hatch/workspace/goals/launch-my-five-brands-on-facebook/files/re-guide-rebuild/wave-1/RE_ford-mustang-1969.pdf,n/a,digital,1
RE-GD-FORD-MUSTANG-1970,guide,1970 Ford Mustang Restoration Guide,1970 Ford Mustang Restoration Guide. PDF download delivered at checkout.,n/a,RE_ford-mustang-1970.pdf,/home/hatch/workspace/goals/launch-my-five-brands-on-facebook/files/re-guide-rebuild/wave-1/RE_ford-mustang-1970.pdf,n/a,digital,1
RE-GD-FORD-MUSTANG-1971,guide,1971 Ford Mustang Restoration Guide,1971 Ford Mustang Restoration Guide. PDF download delivered at checkout.,n/a,RE_ford-mustang-1971.pdf,/home/hatch/workspace/goals/launch-my-five-brands-on-facebook/files/re-guide-rebuild/wave-1/RE_ford-mustang-1971.pdf,n/a,digital,1
RE-GD-FORD-MUSTANG-1972,guide,1972 Ford Mustang Restoration Guide,1972 Ford Mustang Restoration Guide. PDF download delivered at checkout.,n/a,RE_ford-mustang-1972.pdf,/home/hatch/workspace/goals/launch-my-five-brands-on-facebook/files/re-guide-rebuild/wave-1/RE_ford-mustang-1972.pdf,n/a,digital,1
RE-GD-FORD-MUSTANG-1973,guide,1973 Ford Mustang Restoration Guide,1973 Ford Mustang Restoration Guide. PDF download delivered at checkout.,n/a,RE_ford-mustang-1973.pdf,/home/hatch/workspace/goals/launch-my-five-brands-on-facebook/files/re-guide-rebuild/wave-1/RE_ford-mustang-1973.pdf,n/a,digital,1
RE-GD-FORD-MUSTANG-BOSS-1969,guide,1969 Ford Mustang Boss 302 Restoration Guide,1969 Ford Mustang Boss 302 Restoration Guide. PDF download delivered at checkout.,n/a,RE_ford-mustang-boss-1969.pdf,/home/hatch/workspace/goals/launch-my-five-brands-on-facebook/files/re-guide-rebuild/wave-1/RE_ford-mustang-boss-1969.pdf,n/a,digital,1
RE-GD-FORD-MUSTANG-BOSS-1970,guide,Ford Mustang Boss 1970,Ford Mustang Boss 1970. PDF download delivered at checkout.,n/a,RE_ford-mustang-boss-1970.pdf,/home/hatch/workspace/goals/paid-pdf-rewrite-queue-512-across-four-brands/files/re-wave/rebuilt/RE_ford-mustang-boss-1970.pdf,n/a,digital,1
RE-GD-FORD-MUSTANG-BOSS-1971,guide,1971 Ford Mustang Boss 351 Cleveland Restoration Guide,1971 Ford Mustang Boss 351 Cleveland Restoration Guide. PDF download delivered at checkout.,n/a,RE_ford-mustang-boss-1971.pdf,/home/hatch/workspace/goals/launch-my-five-brands-on-facebook/files/re-guide-rebuild/wave-1/RE_ford-mustang-boss-1971.pdf,n/a,digital,1
RE-GD-FORD-MUSTANG-BOSS-429-1969,guide,1969 Ford Mustang Boss 429 Restoration Guide,1969 Ford Mustang Boss 429 Restoration Guide. PDF download delivered at checkout.,n/a,RE_ford-mustang-boss-429-1969.pdf,/home/hatch/workspace/goals/paid-pdf-rewrite-queue-512-across-four-brands/files/re-wave/rebuilt/RE_ford-mustang-boss-429-1969.pdf,n/a,digital,1
RE-GD-FORD-MUSTANG-BOSS-429-1970,guide,1970 Ford Mustang Boss 429 Restoration Guide,1970 Ford Mustang Boss 429 Restoration Guide. PDF download delivered at checkout.,n/a,RE_ford-mustang-boss-429-1970.pdf,/home/hatch/workspace/goals/paid-pdf-rewrite-queue-512-across-four-brands/files/re-wave/rebuilt/RE_ford-mustang-boss-429-1970.pdf,n/a,digital,1
RE-GD-FORD-TALLADEGA-1969,guide,1969 Ford Talladega Restoration Guide,1969 Ford Talladega Restoration Guide. PDF download delivered at checkout.,n/a,RE_ford-talladega-1969.pdf,/home/hatch/workspace/goals/paid-pdf-rewrite-queue-512-across-four-brands/files/re-wave/rebuilt/RE_ford-talladega-1969.pdf,n/a,digital,1
RE-GD-FORD-TORINO-1968,guide,1968 Ford Torino Restoration Guide,1968 Ford Torino Restoration Guide. PDF download delivered at checkout.,n/a,RE_1968-ford-torino.pdf,/home/hatch/workspace/goals/paid-pdf-rewrite-queue-512-across-four-brands/files/re-wave/rebuilt/RE_1968-ford-torino.pdf,n/a,digital,1
RE-GD-FORD-TORINO-1969,guide,1969 Ford Torino Restoration Guide,1969 Ford Torino Restoration Guide. PDF download delivered at checkout.,n/a,RE_1969-ford-torino.pdf,/home/hatch/workspace/goals/paid-pdf-rewrite-queue-512-across-four-brands/files/re-wave/rebuilt/RE_1969-ford-torino.pdf,n/a,digital,1
RE-GD-FORD-TORINO-1970,guide,1970 Ford Torino Restoration Guide,1970 Ford Torino Restoration Guide. PDF download delivered at checkout.,n/a,RE_1970-ford-torino.pdf,/home/hatch/workspace/goals/paid-pdf-rewrite-queue-512-across-four-brands/files/re-wave/rebuilt/RE_1970-ford-torino.pdf,n/a,digital,1
RE-GD-FORD-TORINO-1971,guide,1971 Ford Torino Restoration Guide,1971 Ford Torino Restoration Guide. PDF download delivered at checkout.,n/a,RE_1971-ford-torino.pdf,/home/hatch/workspace/goals/paid-pdf-rewrite-queue-512-across-four-brands/files/re-wave/rebuilt/RE_1971-ford-torino.pdf,n/a,digital,1
RE-GD-FORD-TORINO-1972,guide,1972 Ford Torino Restoration Guide,1972 Ford Torino Restoration Guide. PDF download delivered at checkout.,n/a,RE_1972-ford-torino.pdf,/home/hatch/workspace/goals/paid-pdf-rewrite-queue-512-across-four-brands/files/re-wave/rebuilt/RE_1972-ford-torino.pdf,n/a,digital,1
RE-GD-FORD-TORINO-1973,guide,1973 Ford Torino Restoration Guide,1973 Ford Torino Restoration Guide. PDF download delivered at checkout.,n/a,RE_1973-ford-torino.pdf,/home/hatch/workspace/goals/paid-pdf-rewrite-queue-512-across-four-brands/files/re-wave/rebuilt/RE_1973-ford-torino.pdf,n/a,digital,1
RE-GD-FOX-BODY-MUSTANG-1979-1993-5-0L-V8,guide,Fox Body Mustang 1979 1993 5 0l V8,Fox Body Mustang 1979 1993 5 0l V8. PDF download delivered at checkout.,n/a,,,n/a,digital,0
RE-GD-FOX-BODY-MUSTANG-2-3T-SVO-SPECIAL-PERFORMANCE,guide,Fox Body Mustang 2 3t Svo Special Performance,Fox Body Mustang 2 3t Svo Special Performance. PDF download delivered at checkout.,n/a,,,n/a,digital,0
RE-GD-GM-SQUAREBODY-TRUCK-RESTORATION-GUIDE-1973-1980,guide,Gm Squarebody Truck Restoration Guide 1973 1980,Gm Squarebody Truck Restoration Guide 1973 1980. PDF download delivered at checkout.,n/a,,,n/a,digital,0
RE-GD-GM-SQUAREBODY-TRUCK-RESTORATION-GUIDE-1981-1987,guide,Gm Squarebody Truck Restoration Guide 1981 1987,Gm Squarebody Truck Restoration Guide 1981 1987. PDF download delivered at checkout.,n/a,,,n/a,digital,0
RE-GD-K5-BLAZER-JIMMY-RESTORATION-GUIDE-1969-1972,guide,K5 Blazer Jimmy Restoration Guide 1969 1972,K5 Blazer Jimmy Restoration Guide 1969 1972. PDF download delivered at checkout.,n/a,,,n/a,digital,0
RE-GD-K5-BLAZER-JIMMY-RESTORATION-GUIDE-1973-1991,guide,K5 Blazer Jimmy Restoration Guide 1973 1991,K5 Blazer Jimmy Restoration Guide 1973 1991. PDF download delivered at checkout.,n/a,,,n/a,digital,0
RE-GD-MERCURY-429-SCJ,guide,Mercury 429 Scj,Mercury 429 Scj. PDF download delivered at checkout.,n/a,,,n/a,digital,0
RE-GD-MERCURY-COUGAR-1967,guide,1967 Mercury Cougar Restoration Guide,1967 Mercury Cougar Restoration Guide. PDF download delivered at checkout.,n/a,RE_mercury-cougar-1967.pdf,/home/hatch/workspace/goals/paid-pdf-rewrite-queue-512-across-four-brands/files/re-wave/rebuilt/RE_mercury-cougar-1967.pdf,n/a,digital,1
RE-GD-MERCURY-COUGAR-1968,guide,1968 Mercury Cougar Restoration Guide,1968 Mercury Cougar Restoration Guide. PDF download delivered at checkout.,n/a,RE_mercury-cougar-1968.pdf,/home/hatch/workspace/goals/paid-pdf-rewrite-queue-512-across-four-brands/files/re-wave/rebuilt/RE_mercury-cougar-1968.pdf,n/a,digital,1
RE-GD-MERCURY-COUGAR-1969,guide,1969 Mercury Cougar Restoration Guide,1969 Mercury Cougar Restoration Guide. PDF download delivered at checkout.,n/a,RE_mercury-cougar-1969.pdf,/home/hatch/workspace/goals/paid-pdf-rewrite-queue-512-across-four-brands/files/re-wave/rebuilt/RE_mercury-cougar-1969.pdf,n/a,digital,1
RE-GD-MERCURY-COUGAR-1970,guide,1970 Mercury Cougar Restoration Guide,1970 Mercury Cougar Restoration Guide. PDF download delivered at checkout.,n/a,RE_mercury-cougar-1970.pdf,/home/hatch/workspace/goals/paid-pdf-rewrite-queue-512-across-four-brands/files/re-wave/rebuilt/RE_mercury-cougar-1970.pdf,n/a,digital,1
RE-GD-MERCURY-COUGAR-1971,guide,1971 Mercury Cougar Restoration Guide,1971 Mercury Cougar Restoration Guide. PDF download delivered at checkout.,n/a,RE_mercury-cougar-1971.pdf,/home/hatch/workspace/goals/paid-pdf-rewrite-queue-512-across-four-brands/files/re-wave/rebuilt/RE_mercury-cougar-1971.pdf,n/a,digital,1
RE-GD-MERCURY-CYCLONE-1964,guide,1964 Mercury Cyclone Restoration Guide,1964 Mercury Cyclone Restoration Guide. PDF download delivered at checkout.,n/a,RE_1964-mercury-cyclone.pdf,/home/hatch/workspace/goals/paid-pdf-rewrite-queue-512-across-four-brands/files/re-wave/rebuilt/RE_1964-mercury-cyclone.pdf,n/a,digital,1
RE-GD-MERCURY-CYCLONE-1965,guide,1965 Mercury Cyclone Restoration Guide,1965 Mercury Cyclone Restoration Guide. PDF download delivered at checkout.,n/a,RE_1965-mercury-cyclone.pdf,/home/hatch/workspace/goals/paid-pdf-rewrite-queue-512-across-four-brands/files/re-wave/rebuilt/RE_1965-mercury-cyclone.pdf,n/a,digital,1
RE-GD-MERCURY-CYCLONE-1966,guide,1966 Mercury Cyclone Restoration Guide,1966 Mercury Cyclone Restoration Guide. PDF download delivered at checkout.,n/a,RE_1966-mercury-cyclone.pdf,/home/hatch/workspace/goals/paid-pdf-rewrite-queue-512-across-four-brands/files/re-wave/rebuilt/RE_1966-mercury-cyclone.pdf,n/a,digital,1
RE-GD-MERCURY-CYCLONE-1967,guide,1967 Mercury Cyclone Restoration Guide,1967 Mercury Cyclone Restoration Guide. PDF download delivered at checkout.,n/a,RE_1967-mercury-cyclone.pdf,/home/hatch/workspace/goals/paid-pdf-rewrite-queue-512-across-four-brands/files/re-wave/rebuilt/RE_1967-mercury-cyclone.pdf,n/a,digital,1
RE-GD-MERCURY-CYCLONE-1968,guide,1968 Mercury Cyclone Restoration Guide,1968 Mercury Cyclone Restoration Guide. PDF download delivered at checkout.,n/a,RE_1968-mercury-cyclone.pdf,/home/hatch/workspace/goals/paid-pdf-rewrite-queue-512-across-four-brands/files/re-wave/rebuilt/RE_1968-mercury-cyclone.pdf,n/a,digital,1
RE-GD-MERCURY-CYCLONE-1969,guide,1969 Mercury Cyclone Restoration Guide,1969 Mercury Cyclone Restoration Guide. PDF download delivered at checkout.,n/a,RE_1969-mercury-cyclone.pdf,/home/hatch/workspace/goals/paid-pdf-rewrite-queue-512-across-four-brands/files/re-wave/rebuilt/RE_1969-mercury-cyclone.pdf,n/a,digital,1
RE-GD-MERCURY-CYCLONE-1971,guide,1971 Mercury Cyclone Restoration Guide,1971 Mercury Cyclone Restoration Guide. PDF download delivered at checkout.,n/a,RE_1971-mercury-cyclone.pdf,/home/hatch/workspace/goals/paid-pdf-rewrite-queue-512-across-four-brands/files/re-wave/rebuilt/RE_1971-mercury-cyclone.pdf,n/a,digital,1
RE-GD-OLDSMOBILE-442-1964,guide,1964 Oldsmobile 4-4-2 Restoration Guide,1964 Oldsmobile 4-4-2 Restoration Guide. PDF download delivered at checkout.,n/a,RE_oldsmobile-442-1964.pdf,/home/hatch/workspace/goals/paid-pdf-rewrite-queue-512-across-four-brands/files/re-wave/rebuilt/RE_oldsmobile-442-1964.pdf,n/a,digital,1
RE-GD-OLDSMOBILE-442-1965,guide,1965 Oldsmobile 4-4-2 Restoration Guide,1965 Oldsmobile 4-4-2 Restoration Guide. PDF download delivered at checkout.,n/a,RE_oldsmobile-442-1965.pdf,/home/hatch/workspace/goals/paid-pdf-rewrite-queue-512-across-four-brands/files/re-wave/rebuilt/RE_oldsmobile-442-1965.pdf,n/a,digital,1
RE-GD-OLDSMOBILE-442-1966,guide,1966 Oldsmobile 4-4-2 Restoration Guide,1966 Oldsmobile 4-4-2 Restoration Guide. PDF download delivered at checkout.,n/a,RE_oldsmobile-442-1966.pdf,/home/hatch/workspace/goals/paid-pdf-rewrite-queue-512-across-four-brands/files/re-wave/rebuilt/RE_oldsmobile-442-1966.pdf,n/a,digital,1
RE-GD-OLDSMOBILE-442-1967,guide,1967 Oldsmobile 4-4-2 Restoration Guide,1967 Oldsmobile 4-4-2 Restoration Guide. PDF download delivered at checkout.,n/a,RE_oldsmobile-442-1967.pdf,/home/hatch/workspace/goals/paid-pdf-rewrite-queue-512-across-four-brands/files/re-wave/rebuilt/RE_oldsmobile-442-1967.pdf,n/a,digital,1
RE-GD-OLDSMOBILE-442-1968,guide,1968 Oldsmobile 4-4-2 Restoration Guide,1968 Oldsmobile 4-4-2 Restoration Guide. PDF download delivered at checkout.,n/a,RE_oldsmobile-442-1968.pdf,/home/hatch/workspace/goals/paid-pdf-rewrite-queue-512-across-four-brands/files/re-wave/rebuilt/RE_oldsmobile-442-1968.pdf,n/a,digital,1
RE-GD-OLDSMOBILE-442-1968-W45,guide,1968 Oldsmobile 4-4-2 Restoration Guide,1968 Oldsmobile 4-4-2 Restoration Guide. PDF download delivered at checkout.,n/a,RE_oldsmobile-442-1968-w45.pdf,/home/hatch/workspace/goals/paid-pdf-rewrite-queue-512-across-four-brands/files/re-wave/rebuilt/RE_oldsmobile-442-1968-w45.pdf,n/a,digital,1
RE-GD-OLDSMOBILE-442-1969,guide,1969 Oldsmobile 4-4-2 Restoration Guide,1969 Oldsmobile 4-4-2 Restoration Guide. PDF download delivered at checkout.,n/a,RE_oldsmobile-442-1969.pdf,/home/hatch/workspace/goals/paid-pdf-rewrite-queue-512-across-four-brands/files/re-wave/rebuilt/RE_oldsmobile-442-1969.pdf,n/a,digital,1
RE-GD-OLDSMOBILE-442-1969-W45,guide,1969 Oldsmobile 4-4-2 Restoration Guide,1969 Oldsmobile 4-4-2 Restoration Guide. PDF download delivered at checkout.,n/a,RE_oldsmobile-442-1969-w45.pdf,/home/hatch/workspace/goals/paid-pdf-rewrite-queue-512-across-four-brands/files/re-wave/rebuilt/RE_oldsmobile-442-1969-w45.pdf,n/a,digital,1
RE-GD-OLDSMOBILE-442-1970,guide,1970 Oldsmobile 4-4-2 Restoration Guide,1970 Oldsmobile 4-4-2 Restoration Guide. PDF download delivered at checkout.,n/a,RE_oldsmobile-442-1970.pdf,/home/hatch/workspace/goals/paid-pdf-rewrite-queue-512-across-four-brands/files/re-wave/rebuilt/RE_oldsmobile-442-1970.pdf,n/a,digital,1
RE-GD-OLDSMOBILE-442-1970-W30,guide,1970 Oldsmobile 4-4-2 Restoration Guide,1970 Oldsmobile 4-4-2 Restoration Guide. PDF download delivered at checkout.,n/a,RE_oldsmobile-442-1970-w30.pdf,/home/hatch/workspace/goals/paid-pdf-rewrite-queue-512-across-four-brands/files/re-wave/rebuilt/RE_oldsmobile-442-1970-w30.pdf,n/a,digital,1
RE-GD-OLDSMOBILE-442-1970-W45,guide,1970 Oldsmobile 4-4-2 Restoration Guide,1970 Oldsmobile 4-4-2 Restoration Guide. PDF download delivered at checkout.,n/a,RE_oldsmobile-442-1970-w45.pdf,/home/hatch/workspace/goals/paid-pdf-rewrite-queue-512-across-four-brands/files/re-wave/rebuilt/RE_oldsmobile-442-1970-w45.pdf,n/a,digital,1
RE-GD-OLDSMOBILE-442-1971,guide,1971 Oldsmobile 4-4-2 Restoration Guide,1971 Oldsmobile 4-4-2 Restoration Guide. PDF download delivered at checkout.,n/a,RE_oldsmobile-442-1971.pdf,/home/hatch/workspace/goals/paid-pdf-rewrite-queue-512-across-four-brands/files/re-wave/rebuilt/RE_oldsmobile-442-1971.pdf,n/a,digital,1
RE-GD-OLDSMOBILE-442-1972,guide,1972 Oldsmobile 4-4-2 Restoration Guide,1972 Oldsmobile 4-4-2 Restoration Guide. PDF download delivered at checkout.,n/a,RE_oldsmobile-442-1972.pdf,/home/hatch/workspace/goals/paid-pdf-rewrite-queue-512-across-four-brands/files/re-wave/rebuilt/RE_oldsmobile-442-1972.pdf,n/a,digital,1
RE-GD-OLDSMOBILE-442-1973,guide,1973 Oldsmobile 4-4-2 Restoration Guide,1973 Oldsmobile 4-4-2 Restoration Guide. PDF download delivered at checkout.,n/a,RE_oldsmobile-442-1973.pdf,/home/hatch/workspace/goals/paid-pdf-rewrite-queue-512-across-four-brands/files/re-wave/rebuilt/RE_oldsmobile-442-1973.pdf,n/a,digital,1
RE-GD-OLDSMOBILE-CUTLASS-1964,guide,1964 Oldsmobile Cutlass Restoration Guide,1964 Oldsmobile Cutlass Restoration Guide. PDF download delivered at checkout.,n/a,RE_oldsmobile-cutlass-1964.pdf,/home/hatch/workspace/goals/paid-pdf-rewrite-queue-512-across-four-brands/files/re-wave/rebuilt/RE_oldsmobile-cutlass-1964.pdf,n/a,digital,1
RE-GD-OLDSMOBILE-CUTLASS-1965,guide,1965 Oldsmobile Cutlass Restoration Guide,1965 Oldsmobile Cutlass Restoration Guide. PDF download delivered at checkout.,n/a,RE_oldsmobile-cutlass-1965.pdf,/home/hatch/workspace/goals/paid-pdf-rewrite-queue-512-across-four-brands/files/re-wave/rebuilt/RE_oldsmobile-cutlass-1965.pdf,n/a,digital,1
RE-GD-OLDSMOBILE-CUTLASS-1966,guide,1966 Oldsmobile Cutlass Restoration Guide,1966 Oldsmobile Cutlass Restoration Guide. PDF download delivered at checkout.,n/a,RE_oldsmobile-cutlass-1966.pdf,/home/hatch/workspace/goals/paid-pdf-rewrite-queue-512-across-four-brands/files/re-wave/rebuilt/RE_oldsmobile-cutlass-1966.pdf,n/a,digital,1
RE-GD-OLDSMOBILE-CUTLASS-1967,guide,1967 Oldsmobile Cutlass Restoration Guide,1967 Oldsmobile Cutlass Restoration Guide. PDF download delivered at checkout.,n/a,RE_oldsmobile-cutlass-1967.pdf,/home/hatch/workspace/goals/paid-pdf-rewrite-queue-512-across-four-brands/files/re-wave/rebuilt/RE_oldsmobile-cutlass-1967.pdf,n/a,digital,1
RE-GD-OLDSMOBILE-CUTLASS-1968,guide,1968 Oldsmobile Cutlass Restoration Guide,1968 Oldsmobile Cutlass Restoration Guide. PDF download delivered at checkout.,n/a,RE_oldsmobile-cutlass-1968.pdf,/home/hatch/workspace/goals/paid-pdf-rewrite-queue-512-across-four-brands/files/re-wave/rebuilt/RE_oldsmobile-cutlass-1968.pdf,n/a,digital,1
RE-GD-OLDSMOBILE-CUTLASS-1969,guide,1969 Oldsmobile Cutlass Restoration Guide,1969 Oldsmobile Cutlass Restoration Guide. PDF download delivered at checkout.,n/a,RE_oldsmobile-cutlass-1969.pdf,/home/hatch/workspace/goals/paid-pdf-rewrite-queue-512-across-four-brands/files/re-wave/rebuilt/RE_oldsmobile-cutlass-1969.pdf,n/a,digital,1
RE-GD-OLDSMOBILE-CUTLASS-1970,guide,1970 Oldsmobile Cutlass Restoration Guide,1970 Oldsmobile Cutlass Restoration Guide. PDF download delivered at checkout.,n/a,RE_oldsmobile-cutlass-1970.pdf,/home/hatch/workspace/goals/paid-pdf-rewrite-queue-512-across-four-brands/files/re-wave/rebuilt/RE_oldsmobile-cutlass-1970.pdf,n/a,digital,1
RE-GD-OLDSMOBILE-CUTLASS-1971,guide,1971 Oldsmobile Cutlass Restoration Guide,1971 Oldsmobile Cutlass Restoration Guide. PDF download delivered at checkout.,n/a,RE_oldsmobile-cutlass-1971.pdf,/home/hatch/workspace/goals/paid-pdf-rewrite-queue-512-across-four-brands/files/re-wave/rebuilt/RE_oldsmobile-cutlass-1971.pdf,n/a,digital,1
RE-GD-OLDSMOBILE-CUTLASS-1972,guide,1972 Oldsmobile Cutlass Restoration Guide,1972 Oldsmobile Cutlass Restoration Guide. PDF download delivered at checkout.,n/a,RE_oldsmobile-cutlass-1972.pdf,/home/hatch/workspace/goals/paid-pdf-rewrite-queue-512-across-four-brands/files/re-wave/rebuilt/RE_oldsmobile-cutlass-1972.pdf,n/a,digital,1
RE-GD-OLDSMOBILE-CUTLASS-1973,guide,1973 Oldsmobile Cutlass Restoration Guide,1973 Oldsmobile Cutlass Restoration Guide. PDF download delivered at checkout.,n/a,RE_oldsmobile-cutlass-1973.pdf,/home/hatch/workspace/goals/paid-pdf-rewrite-queue-512-across-four-brands/files/re-wave/rebuilt/RE_oldsmobile-cutlass-1973.pdf,n/a,digital,1
RE-GD-PLYMOUTH-BARRACUDA-1964,guide,1964 Plymouth Barracuda Restoration Guide,1964 Plymouth Barracuda Restoration Guide. PDF download delivered at checkout.,n/a,RE_1964-plymouth-barracuda.pdf,/home/hatch/workspace/goals/paid-pdf-rewrite-queue-512-across-four-brands/files/re-wave/rebuilt/RE_1964-plymouth-barracuda.pdf,n/a,digital,1
RE-GD-PLYMOUTH-BARRACUDA-1965,guide,1965 Plymouth Barracuda Restoration Guide,1965 Plymouth Barracuda Restoration Guide. PDF download delivered at checkout.,n/a,RE_1965-plymouth-barracuda.pdf,/home/hatch/workspace/goals/paid-pdf-rewrite-queue-512-across-four-brands/files/re-wave/rebuilt/RE_1965-plymouth-barracuda.pdf,n/a,digital,1
RE-GD-PLYMOUTH-BARRACUDA-1966,guide,1966 Plymouth Barracuda Restoration Guide,1966 Plymouth Barracuda Restoration Guide. PDF download delivered at checkout.,n/a,RE_1966-plymouth-barracuda.pdf,/home/hatch/workspace/goals/paid-pdf-rewrite-queue-512-across-four-brands/files/re-wave/rebuilt/RE_1966-plymouth-barracuda.pdf,n/a,digital,1
RE-GD-PLYMOUTH-BARRACUDA-1967,guide,1967 Plymouth Barracuda Restoration Guide,1967 Plymouth Barracuda Restoration Guide. PDF download delivered at checkout.,n/a,RE_1967-plymouth-barracuda.pdf,/home/hatch/workspace/goals/paid-pdf-rewrite-queue-512-across-four-brands/files/re-wave/rebuilt/RE_1967-plymouth-barracuda.pdf,n/a,digital,1
RE-GD-PLYMOUTH-BARRACUDA-1968,guide,1968 Plymouth Barracuda Restoration Guide,1968 Plymouth Barracuda Restoration Guide. PDF download delivered at checkout.,n/a,RE_1968-plymouth-barracuda.pdf,/home/hatch/workspace/goals/paid-pdf-rewrite-queue-512-across-four-brands/files/re-wave/rebuilt/RE_1968-plymouth-barracuda.pdf,n/a,digital,1
RE-GD-PLYMOUTH-BARRACUDA-1969,guide,1969 Plymouth Barracuda Restoration Guide,1969 Plymouth Barracuda Restoration Guide. PDF download delivered at checkout.,n/a,RE_1969-plymouth-barracuda.pdf,/home/hatch/workspace/goals/paid-pdf-rewrite-queue-512-across-four-brands/files/re-wave/rebuilt/RE_1969-plymouth-barracuda.pdf,n/a,digital,1
RE-GD-PLYMOUTH-BARRACUDA-1970,guide,1970 Plymouth Barracuda Restoration Guide,1970 Plymouth Barracuda Restoration Guide. PDF download delivered at checkout.,n/a,RE_plymouth-barracuda-1970.pdf,/home/hatch/workspace/goals/paid-pdf-rewrite-queue-512-across-four-brands/files/re-wave/rebuilt/RE_plymouth-barracuda-1970.pdf,n/a,digital,1
RE-GD-PLYMOUTH-BARRACUDA-1971,guide,1971 Plymouth Barracuda Restoration Guide,1971 Plymouth Barracuda Restoration Guide. PDF download delivered at checkout.,n/a,RE_1971-plymouth-barracuda.pdf,/home/hatch/workspace/goals/paid-pdf-rewrite-queue-512-across-four-brands/files/re-wave/rebuilt/RE_1971-plymouth-barracuda.pdf,n/a,digital,1
RE-GD-PLYMOUTH-BARRACUDA-1972,guide,1972 Plymouth Barracuda Restoration Guide,1972 Plymouth Barracuda Restoration Guide. PDF download delivered at checkout.,n/a,RE_1972-plymouth-barracuda.pdf,/home/hatch/workspace/goals/paid-pdf-rewrite-queue-512-across-four-brands/files/re-wave/rebuilt/RE_1972-plymouth-barracuda.pdf,n/a,digital,1
RE-GD-PLYMOUTH-BARRACUDA-1973,guide,1973 Plymouth Barracuda Restoration Guide,1973 Plymouth Barracuda Restoration Guide. PDF download delivered at checkout.,n/a,RE_1973-plymouth-barracuda.pdf,/home/hatch/workspace/goals/paid-pdf-rewrite-queue-512-across-four-brands/files/re-wave/rebuilt/RE_1973-plymouth-barracuda.pdf,n/a,digital,1
RE-GD-PLYMOUTH-CUDA-1970,guide,Plymouth Cuda 1970,Plymouth Cuda 1970. PDF download delivered at checkout.,n/a,RE_1970-plymouth-cuda.pdf,/home/hatch/workspace/goals/paid-pdf-rewrite-queue-512-across-four-brands/files/re-wave/rebuilt/RE_1970-plymouth-cuda.pdf,n/a,digital,1
RE-GD-PLYMOUTH-CUDA-1971,guide,Plymouth Cuda 1971,Plymouth Cuda 1971. PDF download delivered at checkout.,n/a,RE_1971-plymouth-cuda.pdf,/home/hatch/workspace/goals/paid-pdf-rewrite-queue-512-across-four-brands/files/re-wave/rebuilt/RE_1971-plymouth-cuda.pdf,n/a,digital,1
RE-GD-PLYMOUTH-CUDA-1972,guide,Plymouth Cuda 1972,Plymouth Cuda 1972. PDF download delivered at checkout.,n/a,RE_1972-plymouth-cuda.pdf,/home/hatch/workspace/goals/paid-pdf-rewrite-queue-512-across-four-brands/files/re-wave/rebuilt/RE_1972-plymouth-cuda.pdf,n/a,digital,1
RE-GD-PLYMOUTH-CUDA-1973,guide,Plymouth Cuda 1973,Plymouth Cuda 1973. PDF download delivered at checkout.,n/a,RE_1973-plymouth-cuda.pdf,/home/hatch/workspace/goals/paid-pdf-rewrite-queue-512-across-four-brands/files/re-wave/rebuilt/RE_1973-plymouth-cuda.pdf,n/a,digital,1
RE-GD-PLYMOUTH-DUSTER-340-1970,guide,1970 Plymouth Duster 340 Restoration Guide,1970 Plymouth Duster 340 Restoration Guide. PDF download delivered at checkout.,n/a,RE_1970-plymouth-duster-340.pdf,/home/hatch/workspace/goals/paid-pdf-rewrite-queue-512-across-four-brands/files/re-wave/rebuilt/RE_1970-plymouth-duster-340.pdf,n/a,digital,1
RE-GD-PLYMOUTH-DUSTER-340-1971,guide,1971 Plymouth Duster 340 Restoration Guide,1971 Plymouth Duster 340 Restoration Guide. PDF download delivered at checkout.,n/a,RE_1971-plymouth-duster-340.pdf,/home/hatch/workspace/goals/paid-pdf-rewrite-queue-512-across-four-brands/files/re-wave/rebuilt/RE_1971-plymouth-duster-340.pdf,n/a,digital,1
RE-GD-PLYMOUTH-DUSTER-340-1972,guide,1972 Plymouth Duster 340 Restoration Guide,1972 Plymouth Duster 340 Restoration Guide. PDF download delivered at checkout.,n/a,RE_1972-plymouth-duster-340.pdf,/home/hatch/workspace/goals/paid-pdf-rewrite-queue-512-across-four-brands/files/re-wave/rebuilt/RE_1972-plymouth-duster-340.pdf,n/a,digital,1
RE-GD-PLYMOUTH-DUSTER-340-1973,guide,1973 Plymouth Duster 340 Restoration Guide,1973 Plymouth Duster 340 Restoration Guide. PDF download delivered at checkout.,n/a,RE_1973-plymouth-duster-340.pdf,/home/hatch/workspace/goals/paid-pdf-rewrite-queue-512-across-four-brands/files/re-wave/rebuilt/RE_1973-plymouth-duster-340.pdf,n/a,digital,1
RE-GD-PLYMOUTH-ROAD-RUNNER-SATELLITE-1968,guide,Plymouth Road Runner Satellite 1968,Plymouth Road Runner Satellite 1968. PDF download delivered at checkout.,n/a,RE_1968-plymouth-satellite.pdf,/home/hatch/workspace/goals/paid-pdf-rewrite-queue-512-across-four-brands/files/re-wave/rebuilt/RE_1968-plymouth-satellite.pdf,n/a,digital,1
RE-GD-PLYMOUTH-ROAD-RUNNER-SATELLITE-1969,guide,Plymouth Road Runner Satellite 1969,Plymouth Road Runner Satellite 1969. PDF download delivered at checkout.,n/a,RE_1969-plymouth-satellite.pdf,/home/hatch/workspace/goals/paid-pdf-rewrite-queue-512-across-four-brands/files/re-wave/rebuilt/RE_1969-plymouth-satellite.pdf,n/a,digital,1
RE-GD-PLYMOUTH-ROAD-RUNNER-SATELLITE-1970,guide,Plymouth Road Runner Satellite 1970,Plymouth Road Runner Satellite 1970. PDF download delivered at checkout.,n/a,,,n/a,digital,0
RE-GD-PLYMOUTH-ROAD-RUNNER-SATELLITE-1971,guide,Plymouth Road Runner Satellite 1971,Plymouth Road Runner Satellite 1971. PDF download delivered at checkout.,n/a,RE_1971-plymouth-road-runner.pdf,/home/hatch/workspace/goals/paid-pdf-rewrite-queue-512-across-four-brands/files/re-wave/rebuilt/RE_1971-plymouth-road-runner.pdf,n/a,digital,1
RE-GD-PLYMOUTH-ROAD-RUNNER-SATELLITE-1972,guide,Plymouth Road Runner Satellite 1972,Plymouth Road Runner Satellite 1972. PDF download delivered at checkout.,n/a,RE_1972-plymouth-road-runner.pdf,/home/hatch/workspace/goals/paid-pdf-rewrite-queue-512-across-four-brands/files/re-wave/rebuilt/RE_1972-plymouth-road-runner.pdf,n/a,digital,1
RE-GD-PLYMOUTH-ROAD-RUNNER-SATELLITE-1973,guide,Plymouth Road Runner Satellite 1973,Plymouth Road Runner Satellite 1973. PDF download delivered at checkout.,n/a,RE_1973-plymouth-road-runner.pdf,/home/hatch/workspace/goals/paid-pdf-rewrite-queue-512-across-four-brands/files/re-wave/rebuilt/RE_1973-plymouth-road-runner.pdf,n/a,digital,1
RE-GD-PLYMOUTH-SATELLITE-1965,guide,1965 Plymouth Satellite Restoration Guide,1965 Plymouth Satellite Restoration Guide. PDF download delivered at checkout.,n/a,RE_plymouth-satellite-1965.pdf,/home/hatch/workspace/goals/paid-pdf-rewrite-queue-512-across-four-brands/files/re-wave/rebuilt/RE_plymouth-satellite-1965.pdf,n/a,digital,1
RE-GD-PLYMOUTH-SATELLITE-1966,guide,1966 Plymouth Satellite Restoration Guide,1966 Plymouth Satellite Restoration Guide. PDF download delivered at checkout.,n/a,RE_plymouth-satellite-1966.pdf,/home/hatch/workspace/goals/paid-pdf-rewrite-queue-512-across-four-brands/files/re-wave/rebuilt/RE_plymouth-satellite-1966.pdf,n/a,digital,1
RE-GD-PLYMOUTH-SATELLITE-1967,guide,1967 Plymouth Satellite Restoration Guide,1967 Plymouth Satellite Restoration Guide. PDF download delivered at checkout.,n/a,RE_plymouth-satellite-1967.pdf,/home/hatch/workspace/goals/paid-pdf-rewrite-queue-512-across-four-brands/files/re-wave/rebuilt/RE_plymouth-satellite-1967.pdf,n/a,digital,1
RE-GD-SHELBY-GT350-1967,guide,1967 Shelby GT350 Restoration Guide,1967 Shelby GT350 Restoration Guide. PDF download delivered at checkout.,n/a,RE_shelby-gt350-1967.pdf,/home/hatch/workspace/goals/paid-pdf-rewrite-queue-512-across-four-brands/files/re-wave/rebuilt/RE_shelby-gt350-1967.pdf,n/a,digital,1
RE-GD-SHELBY-GT350-1968,guide,1968 Shelby GT350 Restoration Guide,1968 Shelby GT350 Restoration Guide. PDF download delivered at checkout.,n/a,RE_shelby-gt350-1968.pdf,/home/hatch/workspace/goals/paid-pdf-rewrite-queue-512-across-four-brands/files/re-wave/rebuilt/RE_shelby-gt350-1968.pdf,n/a,digital,1
RE-GD-SHELBY-GT350-1969,guide,1969 Shelby GT350 Restoration Guide,1969 Shelby GT350 Restoration Guide. PDF download delivered at checkout.,n/a,RE_shelby-gt350-1969.pdf,/home/hatch/workspace/goals/paid-pdf-rewrite-queue-512-across-four-brands/files/re-wave/rebuilt/RE_shelby-gt350-1969.pdf,n/a,digital,1
RE-GD-SHELBY-GT350-1970,guide,1970 Shelby GT350 Restoration Guide,1970 Shelby GT350 Restoration Guide. PDF download delivered at checkout.,n/a,RE_shelby-gt350-1970.pdf,/home/hatch/workspace/goals/paid-pdf-rewrite-queue-512-across-four-brands/files/re-wave/rebuilt/RE_shelby-gt350-1970.pdf,n/a,digital,1
RE-GD-SHELBY-GT500-1968,guide,1968 Shelby GT500 Restoration Guide,1968 Shelby GT500 Restoration Guide. PDF download delivered at checkout.,n/a,RE_shelby-gt500-1968.pdf,/home/hatch/workspace/goals/paid-pdf-rewrite-queue-512-across-four-brands/files/re-wave/rebuilt/RE_shelby-gt500-1968.pdf,n/a,digital,1
RE-GD-SHELBY-GT500-1969,guide,1969 Shelby GT500 Restoration Guide,1969 Shelby GT500 Restoration Guide. PDF download delivered at checkout.,n/a,RE_shelby-gt500-1969.pdf,/home/hatch/workspace/goals/paid-pdf-rewrite-queue-512-across-four-brands/files/re-wave/rebuilt/RE_shelby-gt500-1969.pdf,n/a,digital,1
RE-GD-SHELBY-GT500-1970,guide,1970 Shelby GT500 Restoration Guide,1970 Shelby GT500 Restoration Guide. PDF download delivered at checkout.,n/a,RE_shelby-gt500-1970.pdf,/home/hatch/workspace/goals/paid-pdf-rewrite-queue-512-across-four-brands/files/re-wave/rebuilt/RE_shelby-gt500-1970.pdf,n/a,digital,1
RE-GD-STUDEBAKER-AVANTI-R2,guide,Studebaker Avanti R2,Studebaker Avanti R2. PDF download delivered at checkout.,n/a,RE_studebaker-avanti-r2-1963.pdf,/home/hatch/workspace/goals/paid-pdf-rewrite-queue-512-across-four-brands/files/re-wave/rebuilt/RE_studebaker-avanti-r2-1963.pdf,n/a,digital,1
RE-GD-STUDEBAKER-CHALLENGER,guide,Studebaker Challenger,Studebaker Challenger. PDF download delivered at checkout.,n/a,RE_studebaker-challenger-1964.pdf,/home/hatch/workspace/goals/paid-pdf-rewrite-queue-512-across-four-brands/files/re-wave/finished/RE_studebaker-challenger-1964.pdf,n/a,digital,1
RE-GD-THIRD-GEN-CAMARO-1982-1992-Z28-IROC-Z,guide,Third Gen Camaro 1982 1992 Z28 Iroc Z,Third Gen Camaro 1982 1992 Z28 Iroc Z. PDF download delivered at checkout.,n/a,,,n/a,digital,0
RE-GD-THIRD-GEN-FIREBIRD-1982-1992-TRANS-AM-GTA-FORMULA,guide,Third Gen Firebird 1982 1992 Trans Am Gta Formula,Third Gen Firebird 1982 1992 Trans Am Gta Formula. PDF download delivered at checkout.,n/a,,,n/a,digital,0
